Berita,Like,Provokasi,Komentar,Emosi,Hoax
B0001,29,66,52,70,1
B0002,27,23,74,52,1
B0003,19,43,54,33,0
B0004,21,90,90,85,1
B0005,27,56,49,53,0
B0006,13,34,80,30,0
B0007,40,69,47,70,1
B0008,22,21,79,64,0
B0009,30,97,45,82,0
B0010,27,66,43,45,0
B0011,12,34,56,49,0
B0012,12,28,82,44,0
B0013,10,22,70,54,0
B0014,20,38,82,47,1
B0015,14,50,75,63,0
B0016,23,48,57,48,1
B0017,39,67,48,70,0
B0018,18,50,66,67,0
B0019,13,45,54,47,0
B0020,21,51,87,69,0
B0021,33,90,55,85,1
B0022,28,32,89,66,0
B0023,24,57,84,40,0
B0024,32,78,90,84,1
B0025,40,68,63,80,1
B0026,39,55,63,79,1
B0027,13,42,75,65,0
B0028,21,71,55,84,1
B0029,26,54,75,66,1
B0030,16,67,52,54,1
B0031,16,64,82,70,0
B0032,40,57,41,50,1
B0033,21,25,82,37,0
B0034,14,45,53,62,0
B0035,24,75,49,50,1
B0036,25,66,52,67,0
B0037,39,73,77,71,0
B0038,38,52,87,51,1
B0039,14,41,83,56,0
B0040,30,51,84,35,0
B0041,30,24,83,58,0
B0042,17,25,50,33,1
B0043,22,61,58,50,1
B0044,20,99,40,78,0
B0045,31,98,62,80,1
B0046,16,33,61,56,0
B0047,30,67,89,38,0
B0048,38,53,54,70,1
B0049,32,99,72,50,0
B0050,28,65,42,58,0
B0051,15,64,90,69,0
B0052,26,22,50,50,0
B0053,21,55,85,62,0
B0054,12,54,62,69,1
B0055,24,67,60,59,1
B0056,37,81,83,67,0
B0057,29,70,64,44,0
B0058,21,32,41,59,0
B0059,18,27,64,36,1
B0060,20,56,52,35,0
B0061,28,86,53,68,1
B0062,11,56,73,49,0
B0063,40,60,55,52,1
B0064,24,58,52,65,1
B0065,25,93,60,86,0
B0066,26,70,80,61,0
B0067,13,25,49,31,0
B0068,37,71,57,59,1
B0069,15,54,54,32,0
B0070,12,30,84,58,0
B0071,26,63,70,74,1
B0072,27,68,85,30,0
B0073,10,26,67,69,0
B0074,32,73,51,87,1
B0075,35,88,41,81,1
B0076,29,75,78,78,1
B0077,30,61,41,60,1
B0078,24,34,72,51,0
B0079,40,92,71,66,1
B0080,28,52,58,61,0
B0081,22,59,81,35,1
B0082,22,68,66,81,1
B0083,20,62,85,69,0
B0084,23,54,61,60,0
B0085,29,34,67,40,0
B0086,24,86,58,66,1
B0087,24,64,47,60,1
B0088,20,96,85,70,0
B0089,30,36,47,36,0
B0090,20,21,52,69,0
B0091,11,60,71,61,0
B0092,16,34,61,40,0
B0093,20,51,68,74,1
B0094,40,64,49,59,0
B0095,15,35,86,48,0
B0096,15,31,72,68,0
B0097,18,64,83,58,0
B0098,27,54,86,45,0
B0099,29,38,86,59,0
B0100,30,86,82,53,1
B0101,35,96,62,87,0
B0102,15,63,67,63,0
B0103,30,58,51,52,1
B0104,28,74,89,82,1
B0105,29,69,70,33,1
B0106,30,27,71,61,0
B0107,28,71,81,61,0
B0108,39,74,83,70,0
B0109,26,65,81,47,0
B0110,39,79,64,81,1
B0111,18,60,78,32,1
B0112,19,28,84,42,1
B0113,11,54,45,33,0
B0114,34,71,73,54,0
B0115,22,32,64,32,1
B0116,26,77,76,77,1
B0117,31,94,61,84,1
B0118,37,99,86,71,1
B0119,20,21,49,63,0
B0120,21,91,42,80,1
B0121,20,60,74,65,1
B0122,21,72,69,76,1
B0123,11,37,64,77,0
B0124,23,25,87,59,0
B0125,28,64,56,39,1
B0126,16,63,87,64,1
B0127,24,32,51,50,1
B0128,29,97,78,86,0
B0129,30,32,86,57,0
B0130,10,53,72,50,1
B0131,20,63,69,74,1
B0132,20,41,45,65,0
B0133,27,42,67,53,0
B0134,29,55,49,83,1
B0135,26,65,62,83,0
B0136,25,58,75,68,1
B0137,27,61,71,77,0
B0138,28,59,89,71,0
B0139,26,28,44,59,0
B0140,20,35,82,53,0
B0141,17,35,44,42,0
B0142,29,59,86,63,1
B0143,19,63,86,33,1
B0144,28,69,87,53,0
B0145,20,78,79,54,1
B0146,10,32,76,49,1
B0147,28,49,90,49,0
B0148,30,42,79,39,0
B0149,28,76,81,89,1
B0150,11,49,67,67,0
B0151,20,67,48,58,1
B0152,13,40,83,33,0
B0153,20,56,56,66,0
B0154,27,51,42,30,0
B0155,29,46,67,41,1
B0156,17,40,57,64,1
B0157,24,57,62,33,0
B0158,20,64,89,74,0
B0159,23,34,81,37,0
B0160,22,66,59,54,0
B0161,23,63,85,48,0
B0162,13,68,77,64,0
B0163,19,20,84,35,0
B0164,36,75,56,65,0
B0165,28,61,41,59,0
B0166,14,77,70,62,1
B0167,16,62,40,45,1
B0168,13,25,56,36,0
B0169,17,58,52,58,0
B0170,29,63,41,59,1
B0171,34,89,67,72,0
B0172,24,23,73,41,0
B0173,24,41,90,41,0
B0174,15,24,80,65,0
B0175,25,35,76,53,1
B0176,28,37,40,47,0
B0177,20,46,82,36,0
B0178,30,56,66,58,1
B0179,33,64,83,67,1
B0180,26,25,82,30,1
B0181,14,42,82,67,0
B0182,10,48,72,66,1
B0183,19,65,43,37,0
B0184,14,56,42,62,0
B0185,25,36,55,68,1
B0186,39,62,88,53,1
B0187,15,60,42,44,0
B0188,22,61,83,89,1
B0189,28,33,90,56,0
B0190,21,50,44,36,0
B0191,33,88,83,69,1
B0192,38,74,67,61,0
B0193,23,57,75,60,0
B0194,27,69,41,64,1
B0195,10,61,64,37,0
B0196,20,32,66,56,0
B0197,11,68,53,44,0
B0198,29,68,85,57,1
B0199,26,68,71,52,1
B0200,29,22,53,68,0
B0201,32,56,85,65,1
B0202,26,70,58,77,1
B0203,21,59,64,42,0
B0204,27,35,53,31,0
B0205,23,98,42,75,1
B0206,20,87,86,68,1
B0207,24,43,48,60,0
B0208,37,96,80,61,0
B0209,29,40,56,45,0
B0210,31,60,82,83,1
B0211,17,52,67,52,0
B0212,27,30,52,39,0
B0213,27,21,81,63,1
B0214,37,100,76,50,1
B0215,31,94,71,71,0
B0216,25,89,68,74,0
B0217,15,32,46,33,0
B0218,23,63,40,50,1
B0219,38,55,69,79,1
B0220,22,76,90,56,1
B0221,15,30,72,66,1
B0222,31,66,44,83,1
B0223,27,53,72,34,0
B0224,40,83,72,79,1
B0225,32,81,70,53,0
B0226,18,45,79,44,0
B0227,24,77,44,64,1
B0228,24,99,62,60,0
B0229,18,41,58,70,0
B0230,28,69,58,53,0
B0231,11,53,58,47,1
B0232,22,64,87,48,0
B0233,29,70,86,75,0
B0234,28,25,43,63,1
B0235,30,51,47,65,1
B0236,25,92,83,51,1
B0237,36,97,53,51,1
B0238,29,62,45,60,0
B0239,13,55,50,38,0
B0240,17,44,86,57,1
B0241,23,57,58,69,0
B0242,34,75,49,53,1
B0243,13,28,51,61,0
B0244,27,41,47,30,0
B0245,28,82,72,62,1
B0246,13,49,68,59,0
B0247,30,20,68,37,0
B0248,23,56,72,77,0
B0249,19,53,71,49,1
B0250,13,20,72,66,0
B0251,29,68,73,54,1
B0252,27,93,67,71,0
B0253,29,92,88,55,0
B0254,26,79,69,71,1
B0255,21,69,88,59,1
B0256,16,39,44,56,1
B0257,13,55,59,70,0
B0258,28,24,40,33,1
B0259,35,81,41,59,1
B0260,40,62,82,58,1
B0261,25,56,54,60,1
B0262,14,48,73,32,1
B0263,29,58,77,68,1
B0264,36,75,72,78,0
B0265,21,82,69,59,0
B0266,25,49,79,51,0
B0267,11,52,82,48,1
B0268,29,71,63,72,1
B0269,19,62,49,70,0
B0270,31,83,80,69,0
B0271,27,78,68,84,1
B0272,25,67,84,33,0
B0273,39,73,60,62,1
B0274,11,39,82,36,1
B0275,34,66,66,82,1
B0276,25,21,51,67,0
B0277,26,53,49,48,0
B0278,23,90,79,73,1
B0279,17,20,55,49,1
B0280,11,37,66,60,0
B0281,30,60,88,59,0
B0282,24,84,40,68,0
B0283,17,46,61,40,0
B0284,30,75,74,79,1
B0285,22,50,53,89,0
B0286,14,42,47,30,1
B0287,38,94,69,83,0
B0288,18,49,87,59,0
B0289,27,43,64,49,0
B0290,40,83,68,70,1
B0291,32,81,68,70,0
B0292,24,54,86,65,1
B0293,23,56,69,39,1
B0294,18,30,67,55,0
B0295,11,64,46,53,0
B0296,40,61,86,82,1
B0297,40,67,62,83,1
B0298,10,67,43,65,1
B0299,30,81,48,50,1
B0300,24,55,49,46,1
B0301,30,30,53,34,0
B0302,10,67,67,38,0
B0303,32,55,40,84,1
B0304,11,64,69,33,0
B0305,29,20,78,35,0
B0306,33,60,51,65,1
B0307,19,61,50,35,0
B0308,33,85,76,64,1
B0309,13,49,68,67,0
B0310,28,32,85,33,0
B0311,36,78,47,89,1
B0312,18,45,46,62,0
B0313,27,76,81,64,1
B0314,35,61,65,54,1
B0315,26,75,81,78,0
B0316,37,69,76,70,1
B0317,26,35,41,31,0
B0318,21,65,87,57,0
B0319,16,25,90,47,0
B0320,25,54,86,58,0
B0321,27,58,59,51,0
B0322,15,47,75,70,0
B0323,39,56,46,90,1
B0324,20,50,58,69,0
B0325,11,21,61,47,0
B0326,26,56,44,63,1
B0327,21,68,41,50,0
B0328,32,95,56,83,0
B0329,12,47,54,47,0
B0330,40,76,73,69,1
B0331,17,47,51,39,0
B0332,20,75,66,84,1
B0333,19,49,54,32,0
B0334,26,73,51,73,0
B0335,38,58,89,58,0
B0336,40,88,87,52,1
B0337,24,61,84,76,0
B0338,36,78,52,62,1
B0339,11,26,70,67,0
B0340,29,39,72,45,0
B0341,10,38,90,49,0
B0342,25,40,88,54,1
B0343,18,50,84,30,0
B0344,27,81,74,69,0
B0345,21,60,48,57,1
B0346,34,92,69,54,1
B0347,12,37,52,64,0
B0348,27,69,88,71,1
B0349,25,71,87,65,1
B0350,30,47,72,36,0
B0351,32,89,65,60,0
B0352,29,99,78,80,0
B0353,22,65,71,32,0
B0354,27,39,60,40,1
B0355,17,29,76,52,0
B0356,21,84,46,72,0
B0357,31,91,71,61,1
B0358,10,57,48,42,1
B0359,29,62,87,59,1
B0360,25,69,77,59,0
B0361,18,21,86,44,0
B0362,13,66,51,39,0
B0363,38,61,70,77,1
B0364,27,78,88,58,1
B0365,27,28,74,66,1
B0366,25,27,88,66,0
B0367,26,56,69,42,0
B0368,19,39,49,31,1
B0369,10,35,68,36,0
B0370,19,58,42,61,0
B0371,23,38,76,68,0
B0372,27,59,74,68,1
B0373,12,21,66,68,0
B0374,22,25,47,66,1
B0375,26,29,64,44,0
B0376,19,54,88,59,0
B0377,32,61,57,73,1
B0378,17,52,78,30,0
B0379,20,76,48,63,0
B0380,17,33,41,44,1
B0381,11,23,59,34,1
B0382,20,52,80,65,0
B0383,21,31,61,46,0
B0384,34,66,51,63,0
B0385,36,70,53,79,0
B0386,16,62,90,61,0
B0387,15,47,60,47,0
B0388,35,59,49,58,1
B0389,29,30,71,53,0
B0390,16,46,53,65,0
B0391,14,57,85,42,0
B0392,30,97,83,79,1
B0393,29,50,48,67,0
B0394,22,93,44,89,1
B0395,38,99,82,61,1
B0396,24,60,72,90,0
B0397,36,99,63,74,1
B0398,27,50,78,53,0
B0399,29,91,76,56,1
B0400,24,55,74,69,0
B0401,25,80,89,67,0
B0402,21,60,50,72,0
B0403,28,58,74,62,0
B0404,32,62,87,62,1
B0405,33,79,67,78,0
B0406,17,41,90,40,1
B0407,31,54,63,71,1
B0408,13,66,75,67,0
B0409,10,42,60,34,0
B0410,17,57,55,39,1
B0411,28,44,80,50,1
B0412,29,21,41,32,0
B0413,28,66,45,39,0
B0414,12,27,65,61,1
B0415,29,99,81,79,1
B0416,11,47,41,39,0
B0417,20,62,45,63,1
B0418,37,51,49,78,1
B0419,16,30,55,30,0
B0420,31,76,42,59,0
B0421,27,66,76,61,0
B0422,29,63,74,68,1
B0423,39,87,66,72,0
B0424,13,29,82,35,0
B0425,32,95,73,78,1
B0426,20,58,41,66,0
B0427,40,70,42,68,1
B0428,21,59,47,31,0
B0429,27,51,49,64,0
B0430,12,25,65,31,0
B0431,40,86,79,66,1
B0432,40,88,48,69,1
B0433,14,51,53,63,1
B0434,25,66,81,86,0
B0435,28,36,80,41,0
B0436,26,53,68,69,1
B0437,17,50,51,38,0
B0438,13,40,40,39,0
B0439,11,51,47,36,0
B0440,32,83,85,59,0
B0441,10,20,51,51,0
B0442,20,99,86,53,1
B0443,11,57,62,69,0
B0444,18,49,78,61,0
B0445,32,53,71,73,1
B0446,22,24,68,41,0
B0447,18,42,64,64,0
B0448,24,63,73,66,1
B0449,37,97,74,75,0
B0450,35,68,71,69,0
B0451,19,68,89,52,1
B0452,14,36,44,59,0
B0453,30,56,51,53,1
B0454,25,55,84,70,1
B0455,11,28,58,48,0
B0456,26,91,75,53,1
B0457,30,85,48,83,1
B0458,35,68,59,85,1
B0459,23,42,75,39,0
B0460,21,53,52,84,1
B0461,34,72,41,64,1
B0462,21,81,64,86,1
B0463,25,95,68,64,1
B0464,28,51,50,69,0
B0465,17,54,50,69,0
B0466,25,99,79,54,0
B0467,22,68,45,40,0
B0468,21,51,57,50,0
B0469,37,83,59,85,1
B0470,17,47,86,34,1
B0471,27,78,66,52,1
B0472,33,58,86,63,0
B0473,29,33,53,34,0
B0474,16,63,64,42,1
B0475,20,61,58,52,1
B0476,12,22,56,64,0
B0477,22,54,77,80,1
B0478,15,51,63,63,0
B0479,25,38,63,56,0
B0480,26,79,88,74,1
B0481,33,51,69,86,1
B0482,13,50,65,52,0
B0483,35,61,87,78,0
B0484,24,84,66,58,1
B0485,29,74,48,67,1
B0486,14,21,68,57,0
B0487,34,84,46,86,0
B0488,14,31,60,47,0
B0489,26,54,49,65,1
B0490,27,32,88,32,0
B0491,27,63,54,75,0
B0492,23,48,88,52,0
B0493,27,60,70,66,0
B0494,32,75,49,74,1
B0495,24,74,90,81,0
B0496,10,74,66,53,0
B0497,36,79,65,80,0
B0498,10,51,66,33,0
B0499,29,68,72,45,0
B0500,10,70,40,36,1
B0501,21,55,43,45,0
B0502,19,46,60,70,0
B0503,33,85,43,86,1
B0504,28,96,64,70,1
B0505,37,71,59,76,0
B0506,26,28,62,60,0
B0507,19,65,79,53,0
B0508,25,90,44,55,1
B0509,11,70,61,38,1
B0510,16,68,74,66,0
B0511,40,74,62,77,0
B0512,24,57,82,56,0
B0513,38,61,65,88,1
B0514,19,70,66,46,1
B0515,11,47,49,62,0
B0516,22,50,64,65,1
B0517,13,65,55,36,0
B0518,16,27,42,34,1
B0519,35,58,60,71,1
B0520,24,35,49,61,0
B0521,18,23,90,50,0
B0522,36,90,56,62,1
B0523,14,27,58,50,0
B0524,18,60,75,35,0
B0525,35,94,80,76,1
B0526,36,53,64,72,1
B0527,35,59,72,60,1
B0528,31,85,61,61,1
B0529,24,82,60,68,1
B0530,34,73,80,50,1
B0531,25,75,43,61,1
B0532,31,72,88,61,1
B0533,20,34,71,46,0
B0534,29,68,82,60,0
B0535,23,96,52,79,1
B0536,17,38,60,30,0
B0537,21,73,88,52,1
B0538,17,44,76,55,0
B0539,30,36,48,37,0
B0540,20,21,43,52,0
B0541,30,72,59,86,1
B0542,21,99,53,57,0
B0543,13,65,85,53,0
B0544,22,57,44,42,1
B0545,24,31,49,48,0
B0546,31,68,71,61,1
B0547,22,55,88,34,0
B0548,36,98,40,79,1
B0549,27,39,83,43,0
B0550,25,93,84,88,0
B0551,25,23,66,30,0
B0552,13,35,88,58,1
B0553,27,78,77,69,1
B0554,27,30,41,56,1
B0555,26,62,45,67,1
B0556,27,62,40,59,0
B0557,30,82,63,69,1
B0558,23,64,83,32,1
B0559,11,51,76,46,0
B0560,10,28,42,51,0
B0561,32,86,65,58,1
B0562,17,46,53,52,0
B0563,28,81,46,71,1
B0564,27,50,43,63,0
B0565,15,38,65,64,1
B0566,17,58,69,35,0
B0567,38,73,73,74,1
B0568,23,73,66,87,1
B0569,26,91,40,66,1
B0570,30,69,48,62,1
B0571,23,89,50,88,1
B0572,17,74,55,40,0
B0573,37,80,58,71,0
B0574,18,24,89,48,0
B0575,27,57,71,52,0
B0576,37,90,65,60,1
B0577,36,98,61,75,1
B0578,23,21,84,32,1
B0579,36,50,56,88,1
B0580,28,95,68,73,1
B0581,13,63,86,67,0
B0582,33,54,68,61,1
B0583,28,66,57,79,1
B0584,39,65,80,52,1
B0585,16,67,53,31,0
B0586,40,59,67,75,0
B0587,35,96,58,81,0
B0588,29,74,45,57,1
B0589,22,85,55,81,0
B0590,31,99,90,72,0
B0591,27,93,51,85,1
B0592,31,53,59,54,1
B0593,21,20,46,47,1
B0594,23,72,75,80,0
B0595,34,89,87,81,1
B0596,26,24,77,31,0
B0597,19,70,57,64,0
B0598,19,46,72,66,0
B0599,23,93,87,83,1
B0600,22,56,61,40,0
B0601,20,68,86,73,1
B0602,30,33,54,53,0
B0603,22,64,42,36,0
B0604,40,79,56,84,0
B0605,12,38,49,36,1
B0606,19,63,64,64,0
B0607,34,80,70,78,1
B0608,19,54,81,32,0
B0609,24,90,71,88,1
B0610,40,88,43,89,1
B0611,22,89,82,84,0
B0612,40,91,81,57,1
B0613,10,45,66,63,0
B0614,16,50,60,66,0
B0615,13,39,68,63,0
B0616,21,99,79,54,1
B0617,24,62,63,62,0
B0618,15,28,53,47,1
B0619,28,68,75,64,1
B0620,26,73,67,52,1
B0621,27,27,40,33,0
B0622,27,60,73,58,0
B0623,23,49,75,43,0
B0624,17,68,69,50,0
B0625,34,75,49,59,0
B0626,24,56,82,85,0
B0627,10,46,88,55,0
B0628,22,20,71,65,1
B0629,22,96,46,50,0
B0630,30,47,48,41,0
B0631,25,58,63,64,1
B0632,10,32,42,61,0
B0633,19,40,75,45,0
B0634,18,45,58,63,0
B0635,27,31,82,41,0
B0636,23,25,63,58,0
B0637,20,56,45,76,1
B0638,24,82,81,53,1
B0639,27,54,87,65,1
B0640,33,76,68,54,1
B0641,15,23,76,53,0
B0642,34,63,43,57,1
B0643,25,91,64,50,1
B0644,22,89,51,80,0
B0645,39,56,57,69,0
B0646,28,68,81,65,0
B0647,21,71,52,88,1
B0648,19,38,42,55,0
B0649,37,91,71,50,1
B0650,24,78,68,79,1
B0651,25,67,48,77,1
B0652,28,80,90,87,1
B0653,31,63,52,54,0
B0654,36,79,73,51,1
B0655,16,21,70,66,0
B0656,25,42,66,48,0
B0657,29,93,79,90,1
B0658,40,75,69,57,1
B0659,17,36,90,68,1
B0660,17,22,40,50,0
B0661,28,78,85,90,1
B0662,25,62,67,43,0
B0663,23,64,67,63,0
B0664,10,52,51,32,0
B0665,33,99,46,87,1
B0666,32,60,88,87,1
B0667,29,64,61,59,1
B0668,26,67,46,36,0
B0669,34,99,87,51,1
B0670,29,45,54,45,0
B0671,27,97,43,54,0
B0672,19,55,90,37,0
B0673,10,30,49,63,0
B0674,16,41,58,39,0
B0675,15,39,52,41,0
B0676,34,54,43,84,0
B0677,24,55,63,37,0
B0678,22,47,63,66,1
B0679,12,24,61,42,0
B0680,22,92,90,90,1
B0681,40,92,70,81,1
B0682,25,97,86,86,0
B0683,10,65,41,56,0
B0684,31,99,55,70,1
B0685,16,25,83,69,1
B0686,14,69,42,65,0
B0687,23,54,74,57,0
B0688,12,22,86,48,1
B0689,30,70,74,58,1
B0690,40,51,77,74,0
B0691,25,53,76,37,0
B0692,34,61,55,90,1
B0693,19,25,61,31,0
B0694,35,98,83,72,0
B0695,25,27,55,67,0
B0696,26,66,77,72,0
B0697,21,86,50,77,1
B0698,18,27,63,66,0
B0699,22,57,89,55,1
B0700,21,61,67,32,1
B0701,23,59,56,32,0
B0702,20,32,78,52,1
B0703,25,68,90,57,0
B0704,10,33,71,53,1
B0705,29,100,82,72,1
B0706,39,98,53,66,1
B0707,15,21,54,54,0
B0708,27,43,61,64,0
B0709,23,42,44,69,0
B0710,20,35,48,67,0
B0711,23,89,66,84,1
B0712,29,27,76,38,0
B0713,30,28,46,68,0
B0714,28,53,67,62,1
B0715,19,54,45,50,0
B0716,30,57,62,64,0
B0717,21,36,81,59,1
B0718,29,93,56,65,1
B0719,22,32,87,44,0
B0720,34,84,85,74,1
B0721,20,26,53,33,0
B0722,21,46,51,47,0
B0723,37,81,46,54,1
B0724,29,76,82,87,1
B0725,14,33,50,37,0
B0726,40,69,73,72,1
B0727,18,61,77,56,1
B0728,27,65,54,57,0
B0729,15,52,81,55,0
B0730,23,64,84,35,0
B0731,35,73,67,76,1
B0732,14,47,70,33,0
B0733,24,73,67,74,1
B0734,25,54,53,52,0
B0735,19,28,42,46,0
B0736,30,32,60,61,0
B0737,22,89,57,50,1
B0738,14,56,78,38,0
B0739,19,39,67,64,0
B0740,10,49,42,39,0
B0741,25,47,42,70,0
B0742,25,45,77,47,0
B0743,20,64,84,43,1
B0744,37,78,61,74,0
B0745,22,88,65,88,1
B0746,38,59,47,81,1
B0747,17,29,41,61,0
B0748,14,68,79,59,0
B0749,28,42,85,68,0
B0750,24,47,84,36,1
B0751,38,95,55,72,0
B0752,23,31,63,50,0
B0753,19,56,89,49,0
B0754,24,27,89,67,0
B0755,29,74,77,62,0
B0756,37,90,79,58,1
B0757,24,90,83,60,1
B0758,19,21,89,40,1
B0759,27,47,51,56,0
B0760,30,90,61,78,1
B0761,34,90,82,51,1
B0762,20,23,74,61,0
B0763,21,68,47,38,0
B0764,27,20,59,59,0
B0765,24,24,46,70,0
B0766,25,69,54,52,0
B0767,23,54,50,55,1
B0768,28,58,83,64,0
B0769,22,47,63,33,0
B0770,25,72,65,54,1
B0771,12,48,49,65,0
B0772,18,54,53,49,1
B0773,25,59,61,51,1
B0774,34,59,73,70,0
B0775,13,64,50,34,0
B0776,28,54,84,82,0
B0777,20,86,83,58,1
B0778,21,60,81,50,0
B0779,35,57,51,66,1
B0780,26,61,65,51,0
B0781,11,55,61,41,0
B0782,27,84,42,52,0
B0783,33,85,87,68,1
B0784,31,50,73,51,0
B0785,39,62,87,76,1
B0786,21,68,49,64,0
B0787,28,66,47,39,0
B0788,20,51,52,33,1
B0789,25,45,87,54,0
B0790,29,32,84,47,1
B0791,40,87,71,61,0
B0792,24,94,61,52,0
B0793,28,33,86,40,0
B0794,13,26,76,40,0
B0795,12,58,68,33,0
B0796,11,39,70,62,0
B0797,10,27,69,53,0
B0798,28,23,81,54,1
B0799,23,47,44,62,0
B0800,28,39,41,57,0
B0801,33,99,61,76,1
B0802,27,63,42,78,1
B0803,26,96,57,59,0
B0804,36,65,64,50,1
B0805,14,45,48,46,0
B0806,38,62,44,89,1
B0807,29,27,64,63,0
B0808,27,25,75,30,1
B0809,17,52,84,34,1
B0810,35,91,61,87,0
B0811,24,74,61,59,0
B0812,24,30,62,54,0
B0813,39,85,83,83,0
B0814,11,51,74,67,0
B0815,14,29,85,60,0
B0816,23,75,87,78,1
B0817,39,73,51,67,1
B0818,30,96,43,64,1
B0819,25,64,64,86,1
B0820,24,46,77,57,1
B0821,27,99,76,51,1
B0822,11,44,79,31,0
B0823,26,75,82,53,1
B0824,14,58,50,51,0
B0825,10,33,85,59,0
B0826,10,61,46,70,0
B0827,20,50,46,36,1
B0828,18,20,44,39,1
B0829,24,72,79,53,1
B0830,16,61,80,33,0
B0831,17,33,61,60,0
B0832,22,65,72,72,1
B0833,37,98,68,70,0
B0834,22,22,48,58,0
B0835,29,27,66,69,1
B0836,23,71,61,88,1
B0837,28,37,87,34,0
B0838,10,29,72,46,1
B0839,28,79,67,66,1
B0840,25,54,78,38,0
B0841,29,71,87,54,1
B0842,25,48,89,45,1
B0843,29,83,69,76,1
B0844,33,73,45,85,0
B0845,18,61,78,32,0
B0846,21,76,80,72,1
B0847,15,47,82,31,0
B0848,36,86,62,66,0
B0849,14,67,46,46,0
B0850,27,96,74,87,0
B0851,40,67,84,86,1
B0852,39,64,68,52,1
B0853,40,61,88,71,0
B0854,13,34,87,33,0
B0855,28,39,85,49,0
B0856,32,88,68,76,0
B0857,16,68,62,67,0
B0858,31,88,83,83,1
B0859,14,49,54,57,0
B0860,20,89,51,83,0
B0861,30,98,49,50,1
B0862,29,65,55,80,1
B0863,26,33,69,52,1
B0864,27,56,75,38,0
B0865,24,68,71,42,0
B0866,38,89,52,56,1
B0867,25,40,68,45,0
B0868,30,64,65,86,1
B0869,31,59,60,83,1
B0870,34,67,69,82,0
B0871,12,34,60,54,0
B0872,20,69,59,64,1
B0873,18,25,68,66,1
B0874,32,90,63,82,0
B0875,24,27,82,67,0
B0876,18,50,73,56,0
B0877,33,61,53,78,1
B0878,24,60,66,54,0
B0879,28,32,67,63,0
B0880,28,44,79,31,0
B0881,23,79,63,84,1
B0882,28,80,63,90,1
B0883,36,77,59,67,1
B0884,20,53,73,55,1
B0885,25,65,57,80,0
B0886,39,91,78,79,1
B0887,26,86,90,50,0
B0888,31,81,84,61,1
B0889,36,99,57,56,1
B0890,15,55,84,32,0
B0891,28,31,43,54,1
B0892,13,29,90,55,1
B0893,28,41,55,50,0
B0894,30,73,77,55,1
B0895,35,81,85,90,1
B0896,22,93,88,56,1
B0897,29,68,47,57,1
B0898,15,63,67,69,0
B0899,27,78,87,70,1
B0900,26,52,81,80,1
B0901,26,64,79,33,0
B0902,24,82,87,86,1
B0903,16,61,54,34,1
B0904,29,58,80,89,0
B0905,38,67,83,88,1
B0906,20,58,87,32,1
B0907,35,74,80,68,1
B0908,23,71,52,58,1
B0909,38,77,65,71,0
B0910,18,47,79,42,0
B0911,27,26,89,35,0
B0912,35,67,85,55,0
B0913,31,75,59,55,0
B0914,24,50,84,35,0
B0915,38,66,50,74,0
B0916,23,69,71,58,0
B0917,29,37,65,70,0
B0918,29,54,52,40,0
B0919,22,60,81,61,0
B0920,24,21,73,41,0
B0921,13,45,75,49,0
B0922,28,39,58,56,0
B0923,17,30,79,42,0
B0924,15,28,87,67,0
B0925,32,59,83,52,1
B0926,40,72,69,73,0
B0927,22,50,45,76,0
B0928,36,80,65,76,1
B0929,32,52,50,72,1
B0930,28,64,78,81,1
B0931,14,61,44,67,0
B0932,21,69,50,88,0
B0933,32,63,81,73,0
B0934,10,34,64,48,1
B0935,18,35,57,67,0
B0936,27,44,55,67,0
B0937,23,40,44,34,1
B0938,16,35,80,34,0
B0939,27,60,64,68,0
B0940,23,22,43,64,0
B0941,18,21,56,46,0
B0942,22,50,90,83,1
B0943,24,77,43,56,1
B0944,26,37,77,64,0
B0945,14,40,53,67,0
B0946,13,66,60,66,0
B0947,23,39,88,43,1
B0948,18,32,64,67,0
B0949,12,28,90,48,0
B0950,22,25,80,55,0
B0951,22,65,69,87,1
B0952,22,64,81,33,0
B0953,15,33,40,57,0
B0954,18,66,80,55,0
B0955,40,51,43,67,1
B0956,34,100,81,64,0
B0957,21,91,49,64,1
B0958,33,89,56,51,1
B0959,25,55,90,35,0
B0960,11,68,68,49,0
B0961,12,34,65,48,0
B0962,24,80,40,72,1
B0963,17,49,53,64,0
B0964,35,97,53,53,0
B0965,31,65,45,65,0
B0966,20,82,57,50,0
B0967,19,67,50,49,0
B0968,38,65,68,88,0
B0969,24,64,49,50,1
B0970,30,63,57,33,0
B0971,25,91,84,54,1
B0972,23,25,43,49,0
B0973,31,87,89,61,1
B0974,14,21,44,69,0
B0975,23,66,46,65,1
B0976,19,45,41,43,0
B0977,21,70,67,68,1
B0978,30,91,87,87,1
B0979,13,63,51,58,0
B0980,36,80,46,62,1
B0981,28,95,62,82,1
B0982,14,59,42,32,1
B0983,21,64,64,55,1
B0984,25,74,78,57,1
B0985,24,21,62,57,1
B0986,30,69,56,51,1
B0987,10,36,77,44,1
B0988,23,53,67,67,1
B0989,24,56,83,52,1
B0990,38,52,83,67,1
B0991,11,42,64,46,0
B0992,15,55,90,31,0
B0993,34,75,60,59,1
B0994,21,78,66,81,1
B0995,14,52,87,51,0
B0996,34,94,55,87,0
B0997,16,34,70,37,0
B0998,37,81,55,54,1
B0999,10,31,83,38,0
B1000,31,63,63,87,1
B1001,30,70,63,85,1
B1002,29,67,88,68,1
B1003,11,37,67,63,0
B1004,24,93,43,52,0
B1005,22,78,42,88,1
B1006,37,50,69,53,1
B1007,36,78,46,79,1
B1008,37,78,64,64,0
B1009,22,26,52,70,0
B1010,16,41,46,40,0
B1011,26,60,90,37,0
B1012,19,40,62,63,0
B1013,19,24,89,58,1
B1014,16,34,74,31,0
B1015,22,48,45,48,0
B1016,27,43,53,69,0
B1017,25,67,43,60,1
B1018,23,53,74,78,1
B1019,13,29,74,45,0
B1020,29,48,51,34,1
B1021,26,99,60,51,1
B1022,17,45,72,41,0
B1023,14,45,46,38,0
B1024,32,68,70,54,0
B1025,17,58,75,42,0
B1026,18,34,73,65,1
B1027,25,70,70,59,1
B1028,25,81,59,77,1
B1029,25,71,72,55,1
B1030,24,38,46,49,0
B1031,31,86,49,66,1
B1032,12,54,50,51,1
B1033,18,56,89,65,0
B1034,27,23,62,60,0
B1035,23,71,61,65,1
B1036,32,95,87,81,0
B1037,40,68,58,53,0
B1038,34,72,72,86,0
B1039,17,33,61,46,0
B1040,39,97,54,54,1
B1041,14,20,55,58,0
B1042,16,25,87,49,0
B1043,36,89,89,54,1
B1044,25,70,49,37,0
B1045,12,21,55,47,0
B1046,16,69,62,70,0
B1047,29,21,78,62,0
B1048,32,61,71,72,0
B1049,14,66,59,57,0
B1050,29,99,78,67,1
B1051,34,63,86,60,0
B1052,21,52,67,51,0
B1053,29,95,64,73,1
B1054,18,31,59,45,0
B1055,14,31,40,56,0
B1056,39,78,49,60,1
B1057,24,82,87,88,1
B1058,22,33,57,39,0
B1059,24,60,63,50,0
B1060,23,93,59,90,1
B1061,27,84,77,52,1
B1062,24,39,83,70,1
B1063,26,59,83,63,1
B1064,24,95,83,71,1
B1065,12,38,52,50,1
B1066,16,65,67,70,0
B1067,29,97,78,70,1
B1068,10,49,70,58,1
B1069,23,87,60,64,1
B1070,22,78,70,77,1
B1071,30,47,54,47,0
B1072,28,23,77,70,0
B1073,22,85,49,67,1
B1074,23,65,87,57,0
B1075,19,21,42,51,0
B1076,29,81,77,62,1
B1077,15,45,43,43,0
B1078,16,44,67,55,1
B1079,27,98,77,63,1
B1080,23,81,73,64,1
B1081,31,99,56,63,1
B1082,22,57,70,65,0
B1083,21,67,50,86,0
B1084,29,42,47,66,1
B1085,16,50,62,48,0
B1086,26,30,60,39,0
B1087,19,23,58,47,0
B1088,37,97,64,57,1
B1089,29,68,41,61,0
B1090,39,53,85,67,1
B1091,16,54,55,33,0
B1092,24,23,82,34,0
B1093,23,28,84,48,0
B1094,16,69,75,56,0
B1095,15,20,89,70,0
B1096,18,52,76,46,0
B1097,36,97,61,86,1
B1098,40,62,84,58,1
B1099,24,50,83,35,1
B1100,24,69,84,58,1
B1101,28,46,53,37,0
B1102,40,93,72,78,1
B1103,26,29,77,67,0
B1104,30,47,73,48,1
B1105,30,51,41,31,1
B1106,20,29,87,65,0
B1107,35,82,52,70,1
B1108,26,24,40,40,0
B1109,21,35,82,61,1
B1110,23,60,57,54,0
B1111,33,50,89,80,1
B1112,35,70,46,75,1
B1113,28,55,83,52,1
B1114,20,22,70,65,1
B1115,33,100,89,80,0
B1116,30,70,42,43,0
B1117,10,25,87,37,0
B1118,20,60,86,66,0
B1119,30,75,42,69,1
B1120,15,36,53,57,0
B1121,22,71,45,86,1
B1122,12,25,90,30,0
B1123,23,44,65,48,1
B1124,32,58,86,90,1
B1125,11,65,85,37,1
B1126,14,47,54,55,0
B1127,37,79,83,68,0
B1128,32,54,83,75,1
B1129,22,70,88,53,1
B1130,12,65,45,31,0
B1131,26,51,73,56,1
B1132,30,81,90,90,1
B1133,15,27,61,37,1
B1134,29,78,65,53,1
B1135,13,48,70,36,0
B1136,22,21,57,40,0
B1137,26,70,61,86,0
B1138,40,92,59,84,1
B1139,27,53,64,37,1
B1140,26,24,41,62,0
B1141,24,68,83,39,1
B1142,11,32,53,44,1
B1143,20,53,63,54,0
B1144,27,70,53,57,0
B1145,27,51,47,66,1
B1146,35,83,71,89,0
B1147,33,55,62,83,1
B1148,23,65,71,58,1
B1149,19,52,65,55,0
B1150,29,41,64,67,1
B1151,23,54,64,49,0
B1152,37,61,53,88,1
B1153,24,35,90,41,0
B1154,30,92,60,84,1
B1155,16,58,79,40,1
B1156,39,86,59,90,1
B1157,12,68,64,52,0
B1158,29,81,62,80,0
B1159,30,52,80,44,1
B1160,39,54,76,64,1
B1161,28,43,73,36,0
B1162,11,62,46,39,0
B1163,36,72,63,71,0
B1164,16,68,84,45,1
B1165,40,70,52,56,1
B1166,23,46,67,47,1
B1167,23,71,66,53,1
B1168,25,59,80,54,0
B1169,10,58,72,47,0
B1170,31,78,51,64,1
B1171,26,58,87,37,1
B1172,16,63,85,65,0
B1173,20,70,52,68,1
B1174,39,81,74,77,1
B1175,12,38,88,55,0
B1176,15,40,74,40,1
B1177,24,63,79,43,0
B1178,11,36,66,64,1
B1179,32,86,67,54,0
B1180,19,47,62,54,0
B1181,29,78,60,69,1
B1182,13,41,86,44,0
B1183,32,60,64,50,1
B1184,30,80,45,54,0
B1185,15,46,80,58,0
B1186,20,45,60,39,0
B1187,30,20,65,30,1
B1188,21,42,48,45,0
B1189,28,66,51,67,0
B1190,23,31,88,35,0
B1191,26,58,63,68,1
B1192,20,70,77,66,1
B1193,19,26,57,49,0
B1194,23,21,49,37,1
B1195,28,95,82,69,1
B1196,40,53,68,85,1
B1197,21,81,87,80,1
B1198,20,89,51,55,1
B1199,25,85,83,54,1
B1200,21,36,46,56,1
B1201,26,52,48,67,0
B1202,18,23,49,44,1
B1203,11,36,48,45,0
B1204,36,55,58,63,0
B1205,10,55,41,36,0
B1206,29,60,47,90,1
B1207,16,54,81,37,0
B1208,32,63,56,61,1
B1209,19,43,50,62,0
B1210,24,33,56,41,0
B1211,32,62,43,79,0
B1212,25,51,77,51,0
B1213,10,70,63,30,0
B1214,38,59,57,70,1
B1215,23,80,88,85,0
B1216,11,57,79,57,0
B1217,20,65,57,83,0
B1218,10,29,89,56,0
B1219,22,51,82,59,1
B1220,18,26,73,61,1
B1221,20,69,50,61,0
B1222,39,98,52,75,1
B1223,13,33,66,67,1
B1224,20,47,47,53,1
B1225,28,55,89,38,0
B1226,30,60,50,36,0
B1227,10,27,62,62,0
B1228,24,60,42,55,1
B1229,36,77,49,69,0
B1230,38,89,46,86,1
B1231,16,52,61,67,0
B1232,25,53,61,64,1
B1233,40,83,62,51,1
B1234,26,96,44,90,0
B1235,27,88,74,65,0
B1236,24,68,64,90,1
B1237,27,66,70,58,1
B1238,40,90,90,76,1
B1239,37,72,81,63,1
B1240,31,84,82,52,0
B1241,25,31,82,69,0
B1242,31,51,68,50,1
B1243,40,78,79,80,0
B1244,35,64,53,66,0
B1245,28,22,51,61,1
B1246,24,57,53,80,1
B1247,28,72,80,74,1
B1248,28,82,60,72,0
B1249,27,83,60,69,1
B1250,20,67,56,83,1
B1251,14,40,79,46,0
B1252,27,98,63,75,1
B1253,27,82,60,57,0
B1254,18,57,43,52,0
B1255,13,27,74,67,1
B1256,30,62,57,72,0
B1257,29,38,73,31,0
B1258,14,37,87,38,0
B1259,36,88,79,86,0
B1260,24,59,43,52,0
B1261,26,46,41,58,0
B1262,25,42,71,69,0
B1263,20,24,68,62,0
B1264,38,55,53,73,0
B1265,26,28,43,62,1
B1266,18,40,77,48,1
B1267,12,48,62,64,0
B1268,10,27,70,32,0
B1269,27,70,50,63,0
B1270,36,60,45,64,1
B1271,20,52,57,61,0
B1272,20,27,40,48,1
B1273,10,29,67,33,0
B1274,20,82,86,81,1
B1275,20,40,40,46,0
B1276,16,42,40,48,0
B1277,38,78,55,73,1
B1278,10,28,89,42,0
B1279,35,80,44,72,1
B1280,18,64,71,31,0
B1281,29,54,52,63,1
B1282,40,58,63,88,1
B1283,24,53,46,60,0
B1284,37,76,65,54,1
B1285,29,33,85,64,0
B1286,28,96,46,88,0
B1287,12,28,60,68,0
B1288,35,85,42,86,0
B1289,30,61,63,33,0
B1290,21,89,71,68,0
B1291,27,85,78,65,1
B1292,22,32,50,35,1
B1293,22,78,66,60,1
B1294,31,81,58,68,1
B1295,17,65,50,50,0
B1296,36,84,69,66,0
B1297,13,56,50,50,0
B1298,32,56,89,79,0
B1299,29,40,77,38,0
B1300,22,30,78,39,0
B1301,17,61,56,60,0
B1302,31,96,82,84,0
B1303,22,75,83,84,0
B1304,32,65,48,52,1
B1305,20,83,65,53,1
B1306,28,68,59,72,1
B1307,25,66,65,88,1
B1308,11,41,74,43,1
B1309,12,67,58,54,1
B1310,26,51,87,49,0
B1311,24,68,90,32,0
B1312,13,62,75,51,1
B1313,26,25,58,47,0
B1314,24,62,46,39,0
B1315,17,22,84,47,0
B1316,18,59,68,48,1
B1317,26,81,80,81,1
B1318,26,94,85,58,0
B1319,23,58,68,61,0
B1320,38,57,55,52,1
B1321,26,67,64,43,1
B1322,39,54,53,64,1
B1323,29,39,79,59,0
B1324,33,59,77,77,1
B1325,38,53,66,58,1
B1326,23,78,60,86,1
B1327,14,58,82,32,0
B1328,19,36,86,37,0
B1329,23,65,88,47,0
B1330,10,69,90,67,0
B1331,26,39,67,32,0
B1332,11,39,87,45,0
B1333,20,75,89,69,1
B1334,23,90,64,52,0
B1335,36,94,41,87,0
B1336,12,30,46,38,0
B1337,14,47,76,66,0
B1338,32,92,40,85,1
B1339,29,87,40,84,0
B1340,26,62,64,45,1
B1341,12,55,58,64,0
B1342,11,33,81,36,0
B1343,39,51,77,54,1
B1344,20,42,52,68,0
B1345,26,30,84,51,1
B1346,28,87,84,58,1
B1347,35,67,61,83,1
B1348,15,44,60,63,0
B1349,35,98,52,60,0
B1350,21,57,64,60,0
B1351,33,80,54,50,1
B1352,34,51,82,54,1
B1353,25,57,85,77,0
B1354,15,29,48,46,0
B1355,27,61,68,83,1
B1356,24,59,52,81,0
B1357,32,68,56,74,1
B1358,18,36,61,47,1
B1359,15,37,56,49,0
B1360,17,43,75,68,1
B1361,36,75,59,79,1
B1362,31,50,44,79,0
B1363,21,55,60,31,0
B1364,22,77,50,70,1
B1365,29,87,58,68,0
B1366,28,37,68,59,0
B1367,24,70,87,68,0
B1368,12,45,88,68,0
B1369,36,64,85,85,0
B1370,24,26,83,61,1
B1371,23,36,65,49,0
B1372,20,54,73,90,1
B1373,11,37,41,68,1
B1374,27,64,57,60,1
B1375,23,97,71,62,1
B1376,30,40,63,60,0
B1377,14,41,46,35,0
B1378,17,34,84,36,0
B1379,23,50,42,82,1
B1380,11,55,72,41,0
B1381,25,52,49,87,1
B1382,22,63,84,68,1
B1383,18,61,44,70,0
B1384,24,57,56,67,0
B1385,10,47,85,56,0
B1386,14,45,86,67,1
B1387,27,47,47,47,0
B1388,28,26,81,39,0
B1389,23,60,89,76,1
B1390,33,88,57,77,0
B1391,23,91,51,81,0
B1392,17,53,56,36,0
B1393,22,81,87,51,1
B1394,20,22,72,48,1
B1395,11,43,74,48,0
B1396,26,40,41,47,0
B1397,21,56,65,70,0
B1398,31,67,66,62,0
B1399,21,56,90,63,0
B1400,15,68,89,54,0
B1401,21,94,71,87,1
B1402,20,58,84,36,0
B1403,25,20,71,54,0
B1404,16,46,47,38,0
B1405,20,66,88,76,1
B1406,17,21,68,43,1
B1407,30,62,55,68,1
B1408,16,23,70,63,0
B1409,12,59,79,34,0
B1410,24,57,52,69,0
B1411,15,62,80,60,0
B1412,35,70,86,75,0
B1413,10,56,70,48,0
B1414,15,38,68,70,0
B1415,39,72,87,58,1
B1416,30,22,72,70,0
B1417,29,63,60,60,0
B1418,34,71,57,70,0
B1419,27,76,70,68,1
B1420,26,56,47,67,0
B1421,29,58,67,36,0
B1422,29,73,75,66,1
B1423,19,28,43,50,0
B1424,22,55,60,67,1
B1425,24,62,48,54,1
B1426,23,93,51,86,1
B1427,36,85,61,68,1
B1428,37,73,58,71,1
B1429,28,54,48,65,0
B1430,30,54,83,79,1
B1431,27,55,71,56,1
B1432,33,98,79,62,1
B1433,13,22,56,46,0
B1434,40,88,53,85,1
B1435,23,27,60,45,0
B1436,11,30,84,34,0
B1437,15,50,49,48,0
B1438,15,54,75,42,0
B1439,22,71,49,70,1
B1440,19,70,87,37,0
B1441,19,59,57,34,0
B1442,40,81,82,51,1
B1443,29,37,57,49,0
B1444,36,95,84,65,0
B1445,30,63,77,52,0
B1446,21,82,89,56,1
B1447,18,70,57,46,0
B1448,19,52,48,60,0
B1449,15,55,56,51,1
B1450,32,58,61,85,0
B1451,21,55,71,34,0
B1452,29,92,64,58,1
B1453,18,62,58,45,0
B1454,29,96,43,56,1
B1455,28,33,82,61,0
B1456,28,43,69,39,1
B1457,35,90,78,77,0
B1458,20,87,66,50,1
B1459,22,89,40,62,1
B1460,38,86,76,59,1
B1461,26,61,84,37,0
B1462,31,86,65,53,1
B1463,16,38,44,38,1
B1464,19,30,69,32,0
B1465,30,73,60,76,0
B1466,25,25,71,54,0
B1467,21,41,55,32,1
B1468,29,63,87,79,1
B1469,24,39,46,31,0
B1470,10,28,88,63,0
B1471,20,53,65,71,1
B1472,18,44,67,69,0
B1473,25,86,56,64,1
B1474,33,61,58,51,1
B1475,34,63,77,88,0
B1476,12,47,67,37,0
B1477,14,58,40,63,1
B1478,27,41,62,49,0
B1479,21,70,71,54,1
B1480,23,97,50,80,1
B1481,14,49,54,66,1
B1482,20,51,82,88,0
B1483,26,98,71,58,1
B1484,22,52,74,35,0
B1485,28,21,40,63,1
B1486,17,30,54,52,0
B1487,30,45,41,34,0
B1488,22,78,55,53,1
B1489,39,92,59,76,1
B1490,30,40,63,47,0
B1491,36,100,86,52,1
B1492,26,63,65,62,1
B1493,38,85,49,86,0
B1494,13,36,79,54,1
B1495,29,88,43,71,1
B1496,11,55,81,41,0
B1497,26,90,58,70,1
B1498,16,45,75,65,0
B1499,30,30,67,70,0
B1500,15,32,50,61,0
B1501,23,40,59,57,0
B1502,28,92,62,82,1
B1503,14,30,82,64,0
B1504,10,67,74,65,0
B1505,37,79,59,87,0
B1506,20,68,71,52,1
B1507,20,42,81,46,0
B1508,27,55,53,81,1
B1509,32,66,83,69,1
B1510,34,50,58,84,1
B1511,38,67,45,57,1
B1512,30,62,62,57,1
B1513,16,28,63,40,0
B1514,39,64,53,88,1
B1515,21,43,44,67,1
B1516,28,41,78,56,0
B1517,17,37,70,36,0
B1518,28,62,69,84,0
B1519,34,57,43,79,0
B1520,23,42,57,69,0
B1521,23,45,80,37,0
B1522,20,86,49,53,0
B1523,17,43,48,51,0
B1524,38,94,60,80,0
B1525,16,70,66,37,0
B1526,12,69,59,47,0
B1527,29,61,75,81,0
B1528,39,56,71,78,1
B1529,21,59,59,54,1
B1530,33,69,79,90,1
B1531,30,34,59,51,0
B1532,37,90,43,65,1
B1533,32,93,58,64,1
B1534,25,82,42,53,1
B1535,12,36,73,57,0
B1536,17,60,52,30,1
B1537,23,57,57,60,1
B1538,26,53,76,32,1
B1539,14,27,71,50,0
B1540,27,43,85,34,0
B1541,27,83,74,72,0
B1542,20,53,70,57,1
B1543,36,66,65,77,0
B1544,29,21,43,52,0
B1545,24,28,78,52,0
B1546,23,73,45,55,1
B1547,24,29,63,46,1
B1548,23,51,64,56,0
B1549,34,86,47,76,1
B1550,25,34,49,51,0
B1551,22,38,73,35,1
B1552,19,70,88,52,1
B1553,19,63,44,33,0
B1554,37,72,58,56,1
B1555,36,61,56,58,0
B1556,15,66,79,45,0
B1557,26,98,64,76,1
B1558,38,63,46,84,0
B1559,35,63,84,75,1
B1560,40,80,80,60,1
B1561,39,79,71,55,0
B1562,21,59,42,45,0
B1563,22,75,73,61,0
B1564,15,61,73,31,0
B1565,24,96,58,51,1
B1566,21,58,66,33,0
B1567,25,77,48,85,1
B1568,28,68,66,69,1
B1569,17,59,57,64,0
B1570,23,65,83,59,1
B1571,34,93,82,64,0
B1572,16,65,46,40,0
B1573,29,65,53,35,0
B1574,37,63,41,52,0
B1575,20,64,45,82,1
B1576,17,44,50,51,0
B1577,27,24,72,58,0
B1578,19,37,89,43,0
B1579,23,61,50,61,1
B1580,15,56,46,36,0
B1581,21,40,45,38,1
B1582,19,21,67,41,1
B1583,34,57,72,75,0
B1584,23,24,45,41,1
B1585,24,91,53,82,0
B1586,15,43,61,42,0
B1587,32,91,75,65,1
B1588,31,64,63,89,0
B1589,10,66,63,32,0
B1590,24,74,77,72,0
B1591,16,65,65,36,0
B1592,14,68,50,34,0
B1593,32,63,65,64,0
B1594,30,25,85,56,0
B1595,26,69,62,61,1
B1596,24,51,67,90,1
B1597,32,38,51,80,0
B1598,24,40,75,66,1
B1599,13,51,85,44,0
B1600,15,61,85,67,1
B1601,38,88,80,78,1
B1602,39,54,52,51,1
B1603,26,61,66,76,1
B1604,39,85,81,60,1
B1605,23,55,50,66,1
B1606,40,96,85,60,1
B1607,25,67,63,83,1
B1608,26,70,45,32,0
B1609,21,24,48,49,0
B1610,23,50,63,53,1
B1611,29,87,70,67,1
B1612,10,65,66,64,1
B1613,24,63,79,83,0
B1614,37,94,82,84,0
B1615,29,52,89,65,1
B1616,36,51,85,70,1
B1617,11,43,57,56,0
B1618,20,52,66,53,1
B1619,21,99,61,54,1
B1620,28,88,48,86,1
B1621,10,59,87,52,0
B1622,11,52,66,67,0
B1623,21,58,58,60,0
B1624,34,69,89,85,1
B1625,17,20,76,56,1
B1626,29,58,68,74,1
B1627,38,70,84,74,1
B1628,22,55,56,32,0
B1629,33,61,87,70,0
B1630,35,52,61,80,1
B1631,24,68,43,64,0
B1632,30,81,67,51,1
B1633,12,67,45,52,0
B1634,25,56,42,64,1
B1635,35,71,88,61,0
B1636,30,73,74,57,1
B1637,30,64,74,51,0
B1638,13,41,64,52,0
B1639,31,66,72,82,1
B1640,18,69,54,48,0
B1641,21,38,42,63,0
B1642,37,95,71,89,0
B1643,24,94,73,57,1
B1644,25,35,53,61,0
B1645,24,46,84,70,0
B1646,21,40,41,60,1
B1647,14,53,77,42,1
B1648,22,67,53,69,0
B1649,27,64,66,60,1
B1650,38,87,86,53,1
B1651,21,41,50,46,0
B1652,16,32,72,51,0
B1653,28,56,76,63,1
B1654,13,46,63,58,1
B1655,20,95,55,51,1
B1656,38,62,56,59,0
B1657,30,51,53,86,1
B1658,36,65,43,78,1
B1659,21,50,65,88,1
B1660,20,54,80,76,1
B1661,30,45,49,67,1
B1662,31,92,57,78,1
B1663,20,59,79,30,0
B1664,25,51,79,38,0
B1665,23,89,82,85,1
B1666,20,60,52,58,0
B1667,30,83,52,60,0
B1668,25,39,56,47,0
B1669,20,94,40,74,1
B1670,31,72,45,69,0
B1671,35,91,84,63,0
B1672,31,81,84,70,1
B1673,17,67,49,51,0
B1674,27,68,59,66,0
B1675,28,60,86,80,0
B1676,22,57,80,83,1
B1677,32,98,81,57,1
B1678,40,80,65,64,0
B1679,38,92,47,59,1
B1680,31,91,52,61,1
B1681,17,44,41,33,1
B1682,14,54,61,30,1
B1683,34,81,77,54,1
B1684,27,26,67,34,0
B1685,15,62,83,50,0
B1686,24,46,77,67,0
B1687,26,44,43,42,0
B1688,28,25,76,31,0
B1689,20,46,88,38,1
B1690,16,39,54,63,0
B1691,16,33,51,69,0
B1692,29,45,88,53,0
B1693,29,74,75,75,1
B1694,30,50,52,56,0
B1695,22,94,43,55,1
B1696,14,40,54,30,1
B1697,28,66,88,76,0
B1698,31,78,71,61,1
B1699,26,44,79,40,0
B1700,20,70,82,88,1
B1701,30,58,64,35,0
B1702,38,100,89,85,1
B1703,16,39,75,35,0
B1704,36,51,41,58,1
B1705,14,57,74,52,1
B1706,20,40,42,48,0
B1707,17,54,56,47,0
B1708,11,53,90,46,0
B1709,31,79,74,50,1
B1710,14,29,77,65,0
B1711,27,44,78,40,0
B1712,26,88,63,52,0
B1713,30,63,41,61,0
B1714,14,37,46,33,0
B1715,21,95,45,57,1
B1716,11,20,41,68,0
B1717,28,51,89,53,1
B1718,10,52,71,43,0
B1719,22,40,51,43,0
B1720,40,96,63,83,1
B1721,17,50,46,58,0
B1722,36,85,69,57,1
B1723,11,69,64,61,0
B1724,30,22,44,31,0
B1725,14,52,87,63,0
B1726,28,89,61,80,1
B1727,37,77,89,57,1
B1728,29,60,84,79,1
B1729,15,27,72,65,0
B1730,29,34,45,40,0
B1731,21,49,53,35,0
B1732,17,25,88,69,0
B1733,35,77,70,76,1
B1734,12,60,77,62,0
B1735,20,94,90,89,0
B1736,34,67,89,81,1
B1737,32,100,85,57,0
B1738,13,21,61,49,0
B1739,28,68,88,61,1
B1740,18,64,83,55,1
B1741,22,64,57,61,1
B1742,13,43,84,68,0
B1743,28,57,48,52,0
B1744,18,41,82,70,0
B1745,23,68,74,58,1
B1746,32,85,47,90,1
B1747,31,52,90,66,1
B1748,34,85,79,89,0
B1749,33,64,79,59,1
B1750,27,59,75,60,1
B1751,24,20,49,30,1
B1752,35,51,89,87,0
B1753,36,75,74,58,1
B1754,20,90,56,53,1
B1755,14,29,82,61,1
B1756,10,25,55,31,0
B1757,29,75,59,56,1
B1758,13,50,72,40,0
B1759,12,26,52,52,1
B1760,37,51,71,87,0
B1761,23,60,55,67,1
B1762,19,38,87,60,0
B1763,39,90,50,74,1
B1764,33,65,90,59,0
B1765,28,26,60,38,1
B1766,19,69,69,48,1
B1767,25,53,83,56,1
B1768,30,47,56,46,1
B1769,20,81,42,66,1
B1770,22,64,50,70,1
B1771,14,43,46,61,0
B1772,16,55,57,57,0
B1773,14,30,83,62,1
B1774,18,26,67,63,1
B1775,16,58,58,52,0
B1776,33,78,52,77,0
B1777,22,43,46,36,0
B1778,15,67,54,39,0
B1779,30,68,88,51,0
B1780,11,55,61,64,0
B1781,27,40,47,38,0
B1782,22,88,56,61,1
B1783,26,93,89,78,1
B1784,27,56,50,69,1
B1785,30,59,71,58,1
B1786,28,55,74,59,0
B1787,10,68,64,37,1
B1788,23,67,46,62,0
B1789,27,37,42,64,1
B1790,24,83,51,81,1
B1791,23,43,90,70,0
B1792,23,60,51,40,0
B1793,22,52,40,50,1
B1794,35,68,56,73,1
B1795,29,93,78,63,1
B1796,40,98,90,86,1
B1797,25,92,90,66,0
B1798,20,63,85,50,1
B1799,33,90,48,60,0
B1800,14,27,49,50,0
B1801,35,55,55,75,1
B1802,29,35,69,30,0
B1803,11,37,60,38,0
B1804,17,31,49,36,0
B1805,22,32,59,46,0
B1806,37,55,49,78,1
B1807,30,46,78,39,1
B1808,35,78,52,84,1
B1809,22,75,81,86,1
B1810,35,58,74,88,1
B1811,36,55,77,81,0
B1812,23,63,46,38,1
B1813,28,81,50,75,1
B1814,28,20,44,41,0
B1815,18,49,57,44,1
B1816,25,44,69,39,0
B1817,27,67,81,53,1
B1818,33,92,57,58,1
B1819,10,68,88,47,0
B1820,14,41,50,32,0
B1821,29,47,58,39,1
B1822,29,91,54,77,1
B1823,12,49,79,46,0
B1824,20,41,88,55,1
B1825,28,75,59,72,1
B1826,39,57,52,69,1
B1827,26,48,55,66,1
B1828,30,30,76,33,0
B1829,26,44,44,66,1
B1830,36,84,50,55,1
B1831,40,97,56,50,1
B1832,33,100,74,65,1
B1833,32,78,53,68,1
B1834,19,51,51,59,0
B1835,34,52,49,55,1
B1836,17,47,69,67,0
B1837,23,36,80,42,0
B1838,31,98,65,72,1
B1839,24,51,72,80,0
B1840,25,34,60,66,0
B1841,12,42,65,40,0
B1842,26,57,49,73,1
B1843,25,56,76,54,1
B1844,22,82,75,65,1
B1845,31,91,72,56,1
B1846,30,60,54,61,0
B1847,28,28,86,66,0
B1848,23,59,79,86,1
B1849,27,57,54,75,0
B1850,26,61,71,51,1
B1851,11,20,53,41,1
B1852,10,65,74,57,1
B1853,20,98,48,64,0
B1854,20,51,72,59,1
B1855,36,97,57,90,1
B1856,25,20,48,55,1
B1857,22,45,44,49,0
B1858,21,30,50,55,0
B1859,22,51,82,44,0
B1860,32,66,71,51,1
B1861,28,72,56,66,1
B1862,21,47,46,31,0
B1863,13,61,84,61,1
B1864,40,82,70,83,0
B1865,34,90,90,61,1
B1866,27,56,45,56,1
B1867,24,49,42,42,0
B1868,24,20,42,69,0
B1869,19,64,67,60,0
B1870,32,92,69,67,1
B1871,37,50,90,56,0
B1872,24,32,82,62,0
B1873,11,50,67,46,1
B1874,31,93,43,67,1
B1875,16,57,46,49,0
B1876,13,23,41,58,1
B1877,21,67,42,37,1
B1878,13,59,41,65,0
B1879,19,65,52,51,0
B1880,25,95,77,73,1
B1881,18,28,50,50,0
B1882,11,68,88,66,1
B1883,26,65,55,55,0
B1884,39,71,51,54,1
B1885,27,24,48,42,0
B1886,27,38,77,30,0
B1887,17,63,54,55,0
B1888,21,88,42,76,1
B1889,13,26,65,38,0
B1890,31,100,51,74,1
B1891,32,92,61,66,1
B1892,15,29,40,46,1
B1893,21,43,59,53,0
B1894,27,66,66,52,0
B1895,20,28,42,35,0
B1896,25,46,51,35,0
B1897,25,64,50,68,1
B1898,21,62,43,70,0
B1899,15,21,56,44,1
B1900,24,98,41,86,1
B1901,15,50,86,33,0
B1902,19,33,83,64,0
B1903,20,99,75,52,1
B1904,26,65,75,64,0
B1905,27,99,69,57,0
B1906,27,40,52,53,0
B1907,29,60,84,59,0
B1908,25,32,55,64,1
B1909,34,52,64,65,1
B1910,26,48,83,69,1
B1911,27,70,43,60,1
B1912,29,84,67,82,0
B1913,24,59,87,52,1
B1914,38,57,46,57,1
B1915,11,44,46,63,1
B1916,15,25,55,42,1
B1917,22,20,53,52,1
B1918,21,95,53,58,0
B1919,24,52,58,61,1
B1920,33,55,62,89,1
B1921,31,73,59,66,1
B1922,30,56,42,65,1
B1923,32,89,70,69,1
B1924,27,39,44,59,1
B1925,35,58,88,87,1
B1926,26,95,59,74,0
B1927,27,62,63,48,0
B1928,13,31,90,58,1
B1929,15,62,57,55,0
B1930,19,27,52,57,0
B1931,28,67,88,30,0
B1932,22,57,48,49,0
B1933,40,98,70,64,1
B1934,28,24,83,33,0
B1935,35,62,61,55,1
B1936,21,62,63,65,1
B1937,40,68,73,68,1
B1938,37,86,56,77,1
B1939,27,57,75,31,0
B1940,21,65,86,48,1
B1941,12,52,72,36,0
B1942,26,96,65,79,1
B1943,12,33,88,57,1
B1944,26,33,82,62,1
B1945,30,21,61,67,1
B1946,29,43,73,67,1
B1947,18,40,83,38,1
B1948,34,96,57,68,1
B1949,38,58,86,61,1
B1950,32,50,59,57,0
B1951,32,98,48,86,1
B1952,34,97,87,64,1
B1953,36,52,75,58,1
B1954,23,40,72,59,1
B1955,28,89,79,79,1
B1956,29,79,42,66,1
B1957,35,68,79,71,1
B1958,32,96,60,64,0
B1959,10,27,88,45,0
B1960,32,51,43,64,1
B1961,14,43,86,30,0
B1962,28,62,85,64,0
B1963,28,85,79,78,0
B1964,21,60,71,52,0
B1965,32,90,80,68,1
B1966,20,71,43,79,1
B1967,34,63,85,76,0
B1968,26,60,67,59,0
B1969,27,95,77,82,0
B1970,27,30,85,47,0
B1971,15,46,83,59,0
B1972,22,52,67,42,0
B1973,11,26,49,45,0
B1974,21,57,77,83,1
B1975,13,34,65,54,1
B1976,21,43,66,67,0
B1977,23,56,53,54,0
B1978,38,92,67,81,1
B1979,22,86,78,79,1
B1980,30,68,81,82,1
B1981,18,42,52,65,0
B1982,33,85,77,53,0
B1983,15,22,70,51,1
B1984,38,90,43,67,1
B1985,25,53,45,60,1
B1986,35,74,47,53,0
B1987,12,42,58,70,0
B1988,22,87,63,61,1
B1989,18,32,69,69,1
B1990,17,33,75,52,0
B1991,26,87,59,58,0
B1992,11,66,53,67,0
B1993,22,74,43,62,1
B1994,29,27,69,60,0
B1995,26,43,49,47,0
B1996,35,69,69,76,1
B1997,25,93,41,64,1
B1998,21,78,57,90,0
B1999,10,31,46,52,0
B2000,29,48,67,48,1
B2001,10,25,54,60,0
B2002,29,53,74,39,0
B2003,30,69,90,69,0
B2004,28,65,86,59,0
B2005,12,52,63,57,0
B2006,27,76,49,82,1
B2007,30,35,57,33,1
B2008,38,55,43,69,1
B2009,37,93,69,75,1
B2010,21,50,78,41,0
B2011,23,26,60,45,0
B2012,20,26,87,60,0
B2013,15,67,67,46,0
B2014,16,28,87,56,0
B2015,28,53,53,32,1
B2016,12,29,72,67,0
B2017,16,43,67,45,0
B2018,26,68,54,39,0
B2019,26,92,78,63,1
B2020,38,87,81,51,1
B2021,24,68,74,65,1
B2022,23,56,69,32,0
B2023,38,58,53,68,1
B2024,22,37,52,41,1
B2025,22,32,66,31,0
B2026,37,86,43,70,0
B2027,12,65,82,65,1
B2028,35,51,89,61,1
B2029,12,49,42,34,0
B2030,14,43,77,62,0
B2031,16,27,60,42,1
B2032,28,81,44,80,1
B2033,33,87,65,78,0
B2034,14,33,86,38,0
B2035,25,69,62,53,0
B2036,37,38,65,60,1
B2037,11,55,62,53,1
B2038,34,89,80,64,1
B2039,20,20,57,68,0
B2040,32,95,76,69,1
B2041,11,22,71,32,1
B2042,10,34,52,34,0
B2043,24,64,56,62,0
B2044,29,42,85,34,0
B2045,15,67,46,64,0
B2046,23,60,65,30,0
B2047,27,27,67,58,1
B2048,23,59,60,47,1
B2049,32,90,42,88,1
B2050,28,61,54,58,1
B2051,22,59,86,30,1
B2052,20,46,72,44,1
B2053,13,45,47,70,0
B2054,38,100,59,75,0
B2055,38,54,51,79,0
B2056,22,52,87,60,1
B2057,24,86,57,52,0
B2058,12,60,66,34,0
B2059,14,69,83,53,0
B2060,28,63,82,44,0
B2061,26,49,67,70,0
B2062,31,98,88,58,1
B2063,34,87,84,57,1
B2064,10,59,70,68,0
B2065,27,96,72,82,1
B2066,27,99,62,68,0
B2067,23,75,43,86,0
B2068,24,79,56,90,0
B2069,28,67,87,34,1
B2070,28,64,47,69,1
B2071,28,83,86,79,1
B2072,30,75,76,90,1
B2073,16,36,80,60,0
B2074,13,50,59,50,0
B2075,35,94,60,57,1
B2076,28,75,45,61,1
B2077,20,82,85,56,0
B2078,18,31,89,33,0
B2079,21,30,89,50,0
B2080,15,35,86,40,0
B2081,34,77,73,58,0
B2082,34,73,79,55,0
B2083,27,30,89,52,1
B2084,30,86,59,71,1
B2085,40,91,56,65,0
B2086,23,27,52,59,0
B2087,19,60,56,45,0
B2088,15,29,65,42,0
B2089,29,66,85,66,1
B2090,15,52,63,35,0
B2091,36,56,50,60,1
B2092,15,26,47,66,0
B2093,17,21,45,50,0
B2094,10,33,56,30,0
B2095,14,30,73,67,0
B2096,14,68,68,60,1
B2097,15,45,88,45,0
B2098,28,68,87,54,1
B2099,15,61,86,63,0
B2100,14,52,43,59,0
B2101,39,81,50,80,1
B2102,36,58,74,88,1
B2103,10,33,62,37,1
B2104,24,64,52,67,0
B2105,36,61,79,63,1
B2106,22,60,82,54,0
B2107,23,49,77,54,0
B2108,40,53,44,64,1
B2109,14,20,50,46,1
B2110,38,97,87,55,1
B2111,37,63,69,66,1
B2112,26,94,67,50,1
B2113,22,22,68,33,0
B2114,26,22,89,65,0
B2115,28,71,56,79,1
B2116,15,50,70,63,0
B2117,39,85,43,90,1
B2118,33,73,77,86,1
B2119,34,90,76,72,1
B2120,24,67,42,30,0
B2121,25,64,67,84,1
B2122,37,77,72,66,0
B2123,20,37,47,53,0
B2124,10,65,58,70,1
B2125,11,49,45,31,1
B2126,18,41,76,57,1
B2127,24,32,86,65,0
B2128,27,71,57,81,1
B2129,27,48,84,33,0
B2130,23,64,74,80,1
B2131,13,23,49,45,0
B2132,28,65,53,86,1
B2133,22,64,55,88,1
B2134,29,52,59,44,0
B2135,40,61,42,74,1
B2136,21,66,73,65,1
B2137,15,37,78,59,0
B2138,12,62,49,50,1
B2139,14,50,59,69,0
B2140,26,74,71,88,0
B2141,32,76,58,84,1
B2142,32,52,88,80,1
B2143,18,55,78,55,1
B2144,17,34,49,44,0
B2145,22,50,72,57,0
B2146,29,52,77,82,1
B2147,18,37,47,43,0
B2148,20,49,84,30,1
B2149,37,91,56,69,1
B2150,34,97,88,87,0
B2151,17,22,69,45,0
B2152,36,83,57,56,0
B2153,21,57,41,88,1
B2154,22,82,49,62,1
B2155,31,55,55,60,1
B2156,31,71,59,60,1
B2157,15,44,81,42,0
B2158,25,61,50,49,0
B2159,14,65,53,57,1
B2160,26,68,56,51,1
B2161,26,83,62,66,0
B2162,15,57,70,70,0
B2163,34,63,60,86,1
B2164,30,66,80,89,1
B2165,35,89,79,78,1
B2166,39,57,58,62,1
B2167,24,56,49,61,0
B2168,29,64,57,67,0
B2169,14,64,46,30,0
B2170,18,62,47,31,0
B2171,24,62,70,57,1
B2172,19,56,90,63,1
B2173,18,62,42,67,0
B2174,35,57,46,58,1
B2175,17,68,68,40,1
B2176,40,91,86,53,0
B2177,27,73,83,70,0
B2178,22,91,78,70,0
B2179,20,51,65,87,1
B2180,22,70,88,67,1
B2181,30,63,78,48,0
B2182,26,62,84,60,0
B2183,35,81,68,82,0
B2184,31,50,89,54,0
B2185,23,65,46,90,1
B2186,26,68,88,83,1
B2187,21,76,41,66,0
B2188,29,72,67,58,1
B2189,16,34,68,62,1
B2190,35,65,82,82,0
B2191,21,32,53,63,0
B2192,19,43,76,66,0
B2193,11,41,65,37,1
B2194,36,98,72,58,1
B2195,27,51,89,80,0
B2196,22,40,78,50,1
B2197,29,55,81,54,0
B2198,40,52,63,68,1
B2199,10,47,74,65,0
B2200,10,53,68,35,0
B2201,28,50,50,90,1
B2202,10,67,68,31,0
B2203,22,85,69,87,1
B2204,32,68,73,57,0
B2205,12,29,51,39,0
B2206,38,65,88,64,1
B2207,39,88,72,70,1
B2208,12,55,45,47,0
B2209,22,56,46,64,0
B2210,30,79,65,55,1
B2211,10,29,41,47,0
B2212,12,38,76,48,0
B2213,22,60,75,40,1
B2214,34,99,65,68,1
B2215,12,35,51,33,0
B2216,20,51,65,72,1
B2217,22,32,54,48,0
B2218,25,96,75,71,1
B2219,29,50,46,52,0
B2220,40,51,65,51,1
B2221,26,85,90,66,1
B2222,21,66,63,48,0
B2223,34,90,82,79,0
B2224,39,80,79,77,0
B2225,25,98,55,62,0
B2226,12,39,42,40,1
B2227,12,32,44,68,0
B2228,25,45,74,40,1
B2229,23,68,73,33,1
B2230,36,55,84,57,1
B2231,21,55,71,60,0
B2232,11,44,59,58,0
B2233,17,55,57,40,0
B2234,16,54,80,40,0
B2235,19,63,90,55,0
B2236,21,33,75,38,0
B2237,25,52,77,56,0
B2238,22,45,65,59,0
B2239,36,94,49,86,1
B2240,23,66,88,87,1
B2241,32,99,63,54,1
B2242,39,99,60,88,0
B2243,31,100,48,70,0
B2244,13,28,52,44,0
B2245,10,26,56,57,0
B2246,16,37,82,54,0
B2247,14,42,47,70,0
B2248,26,60,59,64,1
B2249,25,66,41,42,0
B2250,37,72,41,50,1
B2251,25,61,86,68,0
B2252,34,93,72,60,1
B2253,16,62,73,64,0
B2254,34,81,79,51,1
B2255,25,53,82,51,0
B2256,21,34,54,57,0
B2257,28,28,75,67,1
B2258,29,27,68,56,0
B2259,11,62,53,36,1
B2260,13,50,51,51,0
B2261,36,73,50,70,0
B2262,25,34,54,62,0
B2263,27,40,71,32,1
B2264,26,24,47,50,0
B2265,25,63,82,69,0
B2266,13,66,69,59,0
B2267,21,64,81,89,1
B2268,14,56,40,54,0
B2269,29,64,53,64,0
B2270,27,99,53,58,1
B2271,26,83,78,54,1
B2272,16,41,67,36,0
B2273,29,93,71,72,0
B2274,32,77,64,88,1
B2275,18,20,89,69,0
B2276,40,91,47,74,1
B2277,29,40,80,46,0
B2278,35,96,48,63,0
B2279,22,58,61,51,1
B2280,16,62,75,70,0
B2281,30,60,40,74,1
B2282,38,71,65,66,1
B2283,28,64,67,30,1
B2284,14,37,50,49,0
B2285,16,56,57,44,0
B2286,30,24,70,50,0
B2287,20,68,72,86,1
B2288,16,27,82,49,0
B2289,21,24,80,50,0
B2290,22,36,81,33,0
B2291,24,22,53,63,0
B2292,25,99,62,70,1
B2293,31,90,43,57,0
B2294,29,98,59,90,1
B2295,17,43,57,60,0
B2296,25,56,45,51,1
B2297,22,80,42,79,1
B2298,34,97,82,59,1
B2299,27,58,50,35,0
B2300,40,58,47,50,1
B2301,12,41,78,63,0
B2302,27,69,42,81,1
B2303,23,64,53,83,1
B2304,12,69,57,54,0
B2305,32,62,55,76,1
B2306,25,59,52,53,1
B2307,33,74,54,66,1
B2308,16,63,62,48,0
B2309,13,36,77,52,0
B2310,23,70,60,55,1
B2311,17,34,70,57,1
B2312,24,66,45,66,1
B2313,18,21,75,32,0
B2314,11,42,61,62,0
B2315,30,67,47,58,0
B2316,23,55,55,33,0
B2317,27,84,69,85,1
B2318,28,61,61,37,0
B2319,13,69,70,42,0
B2320,27,81,46,60,0
B2321,32,77,56,60,1
B2322,27,61,68,70,1
B2323,10,24,90,59,0
B2324,26,38,55,30,0
B2325,22,33,50,59,0
B2326,39,90,79,82,1
B2327,32,72,46,87,0
B2328,13,44,68,64,0
B2329,34,57,64,53,0
B2330,29,67,65,64,0
B2331,11,32,49,40,1
B2332,39,63,55,64,0
B2333,21,66,40,76,0
B2334,37,52,71,78,1
B2335,13,50,52,37,0
B2336,10,63,66,66,0
B2337,30,55,50,41,0
B2338,14,48,40,63,0
B2339,20,67,59,34,0
B2340,13,69,56,38,0
B2341,33,76,53,64,1
B2342,21,49,46,38,0
B2343,28,21,50,35,0
B2344,13,51,61,30,0
B2345,30,90,76,71,0
B2346,20,39,41,63,0
B2347,39,62,70,61,1
B2348,21,41,62,44,0
B2349,27,91,90,79,1
B2350,24,42,62,31,1
B2351,14,65,85,36,0
B2352,25,57,81,64,0
B2353,27,59,48,58,0
B2354,23,48,53,39,0
B2355,34,97,72,63,0
B2356,30,21,79,57,1
B2357,32,85,53,78,1
B2358,37,77,44,57,1
B2359,21,28,88,46,0
B2360,26,30,45,61,0
B2361,12,61,63,63,1
B2362,38,51,85,67,0
B2363,32,93,90,80,0
B2364,20,62,40,51,1
B2365,16,45,68,70,1
B2366,30,58,74,47,0
B2367,12,48,71,68,0
B2368,26,95,64,79,1
B2369,31,93,64,58,0
B2370,14,49,48,47,1
B2371,38,72,53,78,0
B2372,12,37,64,69,0
B2373,19,41,81,43,1
B2374,20,83,49,80,1
B2375,19,47,86,38,1
B2376,22,54,64,80,1
B2377,24,87,68,59,1
B2378,23,86,71,64,0
B2379,33,67,65,52,1
B2380,18,20,67,56,0
B2381,20,66,73,56,0
B2382,29,53,78,88,1
B2383,14,47,46,59,1
B2384,39,82,82,54,1
B2385,30,68,62,64,0
B2386,18,53,59,63,0
B2387,35,54,73,88,1
B2388,23,79,57,55,0
B2389,24,32,55,61,0
B2390,20,42,50,30,0
B2391,25,70,43,44,1
B2392,18,39,61,31,1
B2393,27,21,44,61,0
B2394,38,95,86,62,1
B2395,39,60,76,57,1
B2396,30,62,59,40,0
B2397,30,59,77,35,0
B2398,25,74,47,63,1
B2399,20,92,74,73,1
B2400,35,82,47,69,0
B2401,17,70,57,61,1
B2402,25,99,87,59,1
B2403,26,90,78,63,1
B2404,13,32,42,55,1
B2405,23,98,87,73,0
B2406,37,91,71,56,1
B2407,28,83,45,88,1
B2408,27,41,47,42,0
B2409,27,41,59,30,0
B2410,25,36,42,39,0
B2411,24,51,88,76,1
B2412,13,47,44,35,0
B2413,36,56,62,84,1
B2414,30,66,60,33,1
B2415,20,36,43,66,0
B2416,29,63,69,66,1
B2417,25,28,78,57,0
B2418,23,36,81,51,0
B2419,17,33,79,57,0
B2420,39,74,82,82,0
B2421,28,75,53,60,1
B2422,10,58,88,47,1
B2423,12,21,70,61,1
B2424,32,86,64,55,1
B2425,17,25,60,43,0
B2426,25,43,68,58,0
B2427,11,57,73,69,0
B2428,14,68,47,48,1
B2429,16,37,55,68,0
B2430,22,45,84,57,0
B2431,10,36,43,46,1
B2432,20,67,64,42,1
B2433,17,50,81,64,0
B2434,34,71,41,50,1
B2435,13,34,88,39,0
B2436,12,26,81,54,0
B2437,19,65,75,60,1
B2438,17,30,81,46,0
B2439,26,100,55,69,1
B2440,20,89,41,67,0
B2441,30,20,49,52,0
B2442,11,66,89,33,0
B2443,26,20,55,52,0
B2444,16,58,66,61,0
B2445,28,29,41,47,0
B2446,23,22,83,66,0
B2447,23,63,50,66,1
B2448,22,66,48,50,1
B2449,38,70,43,51,1
B2450,26,59,82,39,1
B2451,27,90,84,65,1
B2452,38,59,75,81,1
B2453,35,70,47,79,1
B2454,25,46,71,42,0
B2455,32,72,64,61,0
B2456,39,59,81,50,1
B2457,16,43,76,59,0
B2458,15,25,72,64,1
B2459,24,98,62,60,0
B2460,33,81,78,70,1
B2461,14,22,40,52,0
B2462,20,57,68,69,0
B2463,34,97,90,87,0
B2464,24,78,53,53,0
B2465,24,71,54,66,1
B2466,37,78,52,77,1
B2467,23,93,55,67,1
B2468,12,48,68,55,0
B2469,28,70,69,32,0
B2470,23,65,73,90,1
B2471,37,66,67,71,1
B2472,29,33,82,67,0
B2473,18,39,76,67,0
B2474,12,25,88,51,0
B2475,26,40,88,33,1
B2476,21,25,43,56,0
B2477,19,66,42,52,0
B2478,14,64,46,45,0
B2479,11,69,49,40,0
B2480,11,44,61,38,0
B2481,11,36,79,36,0
B2482,29,72,57,82,1
B2483,20,57,89,39,0
B2484,10,39,46,36,0
B2485,19,66,69,44,0
B2486,36,80,52,69,1
B2487,36,73,59,72,1
B2488,21,39,88,33,0
B2489,11,50,72,43,0
B2490,35,58,70,51,1
B2491,25,52,74,87,1
B2492,40,90,42,71,1
B2493,21,98,49,90,1
B2494,31,99,68,55,1
B2495,16,51,42,39,1
B2496,34,99,76,58,1
B2497,38,61,68,55,1
B2498,16,49,71,68,0
B2499,30,65,72,46,0
B2500,10,28,86,39,1
B2501,28,37,68,49,1
B2502,29,26,75,34,0
B2503,23,31,55,63,0
B2504,26,93,87,53,1
B2505,39,78,71,81,1
B2506,20,29,77,63,1
B2507,21,33,41,48,0
B2508,40,91,61,84,0
B2509,18,66,77,69,0
B2510,38,78,85,62,1
B2511,11,69,41,61,1
B2512,33,93,88,74,0
B2513,16,69,40,40,0
B2514,32,100,86,78,1
B2515,22,65,76,55,0
B2516,17,52,81,61,1
B2517,24,40,59,45,0
B2518,27,46,80,32,0
B2519,32,88,67,52,1
B2520,22,52,90,77,0
B2521,21,53,56,52,0
B2522,30,34,60,30,0
B2523,23,86,90,55,1
B2524,15,39,67,44,0
B2525,17,61,62,45,0
B2526,40,54,50,69,1
B2527,30,100,81,72,1
B2528,31,97,43,81,1
B2529,21,64,52,60,1
B2530,31,67,75,82,1
B2531,24,51,86,55,1
B2532,20,86,80,89,1
B2533,14,67,85,37,0
B2534,37,78,40,55,1
B2535,21,90,44,66,0
B2536,21,62,53,55,0
B2537,25,59,82,46,1
B2538,30,50,54,50,1
B2539,24,95,48,88,1
B2540,23,21,90,68,0
B2541,29,48,55,54,1
B2542,29,81,62,89,1
B2543,11,22,57,37,0
B2544,16,31,53,44,0
B2545,30,75,47,66,1
B2546,32,51,74,56,1
B2547,24,61,54,58,1
B2548,16,47,63,65,0
B2549,30,32,67,45,1
B2550,22,34,81,54,1
B2551,20,28,76,31,0
B2552,21,67,40,66,1
B2553,37,68,76,75,0
B2554,35,99,72,80,0
B2555,28,75,40,84,0
B2556,39,70,47,90,0
B2557,21,30,88,55,0
B2558,15,49,40,45,1
B2559,22,44,90,39,1
B2560,10,27,57,30,0
B2561,17,35,64,45,0
B2562,16,53,46,60,0
B2563,30,30,62,72,0
B2564,21,37,54,36,0
B2565,21,63,54,36,0
B2566,28,68,53,70,1
B2567,26,51,63,35,0
B2568,36,61,83,74,1
B2569,14,27,77,57,0
B2570,25,29,44,42,0
B2571,36,58,51,62,0
B2572,10,37,61,67,1
B2573,25,69,84,38,0
B2574,23,23,62,30,0
B2575,28,52,43,36,0
B2576,26,61,81,71,1
B2577,16,55,54,70,0
B2578,26,68,85,75,0
B2579,22,86,90,89,1
B2580,24,88,55,86,1
B2581,15,40,73,57,1
B2582,24,71,77,74,1
B2583,24,60,83,51,0
B2584,15,25,64,31,0
B2585,13,45,53,35,0
B2586,23,40,54,49,1
B2587,30,23,59,59,0
B2588,24,51,80,62,1
B2589,39,68,57,82,0
B2590,24,89,71,88,0
B2591,37,94,72,71,1
B2592,20,74,63,61,1
B2593,15,69,60,32,1
B2594,23,65,54,44,0
B2595,31,56,60,76,1
B2596,27,60,70,37,1
B2597,30,51,81,76,0
B2598,25,81,77,61,1
B2599,10,34,65,64,1
B2600,40,71,48,50,1
B2601,29,68,80,37,0
B2602,32,56,73,79,1
B2603,34,58,61,62,1
B2604,38,51,57,60,0
B2605,16,42,81,32,0
B2606,11,45,43,65,1
B2607,21,83,70,58,1
B2608,29,50,76,88,1
B2609,23,75,79,71,1
B2610,28,37,61,70,0
B2611,31,65,78,87,1
B2612,30,47,66,30,0
B2613,12,24,45,61,0
B2614,24,62,90,68,0
B2615,35,77,53,71,0
B2616,17,70,86,53,1
B2617,21,90,73,71,1
B2618,26,50,65,66,0
B2619,32,58,75,71,0
B2620,12,64,80,31,0
B2621,21,99,78,90,1
B2622,27,51,46,64,1
B2623,28,83,82,51,1
B2624,35,50,90,76,1
B2625,39,86,50,79,1
B2626,10,54,43,63,1
B2627,30,41,77,58,0
B2628,10,28,71,33,0
B2629,26,34,54,52,1
B2630,40,66,53,59,1
B2631,22,69,43,76,0
B2632,28,49,40,30,0
B2633,36,64,61,54,1
B2634,38,90,77,80,1
B2635,40,68,85,88,1
B2636,25,22,51,60,0
B2637,38,57,60,62,1
B2638,18,47,78,46,0
B2639,12,34,62,32,1
B2640,11,52,70,69,1
B2641,15,24,65,33,1
B2642,39,59,86,75,1
B2643,20,83,45,90,0
B2644,30,78,68,85,1
B2645,32,67,82,55,1
B2646,27,95,83,75,0
B2647,18,57,81,49,0
B2648,24,66,63,55,0
B2649,24,28,87,41,0
B2650,13,34,42,53,0
B2651,18,51,51,69,0
B2652,22,20,49,44,0
B2653,18,65,46,35,0
B2654,21,22,43,64,0
B2655,31,71,46,89,0
B2656,10,54,53,30,0
B2657,11,59,76,48,1
B2658,21,56,59,65,0
B2659,22,52,40,53,1
B2660,14,40,47,64,0
B2661,19,25,87,51,0
B2662,27,66,66,31,0
B2663,22,36,60,59,1
B2664,28,69,79,79,1
B2665,22,93,86,76,0
B2666,15,25,90,54,0
B2667,14,32,44,64,0
B2668,23,61,90,61,1
B2669,22,66,67,47,0
B2670,37,70,51,56,1
B2671,23,77,79,65,1
B2672,25,51,54,37,0
B2673,31,62,45,68,1
B2674,26,75,52,74,1
B2675,30,78,90,77,1
B2676,12,55,73,65,0
B2677,34,77,69,81,1
B2678,34,61,62,72,1
B2679,19,23,90,36,1
B2680,11,25,43,70,0
B2681,14,60,55,61,1
B2682,18,21,76,44,1
B2683,22,48,49,58,0
B2684,14,48,69,32,0
B2685,26,20,44,68,1
B2686,36,74,79,72,0
B2687,40,50,88,85,0
B2688,32,55,73,74,1
B2689,29,42,71,38,0
B2690,28,55,64,62,1
B2691,40,58,79,80,0
B2692,25,50,59,60,1
B2693,21,65,86,69,0
B2694,22,89,59,74,1
B2695,33,80,59,60,0
B2696,27,93,80,62,0
B2697,16,61,57,30,0
B2698,28,65,70,73,1
B2699,17,62,51,60,0
B2700,25,72,65,83,1
B2701,26,24,64,36,0
B2702,29,42,57,37,0
B2703,33,74,60,72,0
B2704,27,58,51,35,0
B2705,23,94,53,83,1
B2706,13,41,54,50,0
B2707,34,99,65,55,1
B2708,25,68,55,68,1
B2709,24,54,75,56,1
B2710,22,35,65,63,1
B2711,19,58,43,59,0
B2712,30,64,76,84,1
B2713,34,86,56,67,1
B2714,30,58,84,63,1
B2715,33,91,83,84,1
B2716,14,65,60,47,0
B2717,12,54,51,33,0
B2718,29,81,79,53,0
B2719,12,27,69,36,1
B2720,31,54,62,54,0
B2721,24,29,50,66,1
B2722,22,36,83,32,0
B2723,36,85,44,82,1
B2724,36,60,42,68,1
B2725,12,41,63,33,1
B2726,26,25,41,62,0
B2727,12,61,42,54,1
B2728,22,22,66,51,0
B2729,38,93,48,75,1
B2730,18,52,52,53,0
B2731,28,27,74,51,0
B2732,26,77,79,54,1
B2733,28,51,54,53,1
B2734,23,60,62,90,1
B2735,39,81,76,50,1
B2736,37,97,58,77,1
B2737,28,30,83,65,0
B2738,11,28,45,43,1
B2739,23,66,72,49,0
B2740,34,100,74,86,0
B2741,25,48,81,66,0
B2742,13,51,89,37,0
B2743,30,30,57,55,0
B2744,30,60,51,50,1
B2745,15,31,42,49,0
B2746,30,22,85,56,0
B2747,14,40,84,38,0
B2748,30,100,60,57,1
B2749,23,20,87,38,0
B2750,26,61,61,82,1
B2751,27,82,50,56,1
B2752,24,48,46,32,0
B2753,28,58,47,79,1
B2754,40,86,89,60,1
B2755,25,75,86,62,1
B2756,25,65,41,89,1
B2757,36,50,88,88,1
B2758,27,41,86,46,0
B2759,26,50,45,63,1
B2760,30,70,50,87,1
B2761,37,81,40,82,1
B2762,21,75,82,84,1
B2763,25,70,90,41,0
B2764,13,63,61,50,0
B2765,23,63,65,47,0
B2766,30,71,88,89,1
B2767,31,53,45,74,1
B2768,19,51,64,65,0
B2769,22,55,46,53,0
B2770,29,49,83,47,0
B2771,11,64,84,53,0
B2772,33,67,40,84,1
B2773,39,89,63,87,0
B2774,37,72,75,58,0
B2775,27,84,66,70,1
B2776,27,62,43,58,1
B2777,16,50,73,58,0
B2778,15,58,51,33,0
B2779,14,68,43,39,0
B2780,22,40,52,36,0
B2781,24,38,65,70,0
B2782,23,69,45,51,0
B2783,20,67,78,61,0
B2784,11,52,57,53,0
B2785,17,65,47,57,0
B2786,12,26,65,55,1
B2787,28,25,79,42,0
B2788,25,54,58,65,0
B2789,21,56,84,84,1
B2790,24,94,49,89,1
B2791,25,53,41,47,0
B2792,12,27,64,31,0
B2793,28,89,71,67,1
B2794,22,52,51,89,1
B2795,13,23,67,40,0
B2796,22,86,56,77,1
B2797,30,91,59,74,0
B2798,22,94,49,64,1
B2799,40,65,50,59,1
B2800,27,74,50,82,1
B2801,21,51,79,68,1
B2802,22,76,65,63,1
B2803,34,52,86,74,1
B2804,18,52,51,60,0
B2805,11,41,76,62,1
B2806,40,76,42,58,0
B2807,29,69,54,53,0
B2808,20,50,64,56,0
B2809,22,36,62,64,1
B2810,14,21,83,31,0
B2811,32,68,75,88,1
B2812,16,43,89,49,0
B2813,34,55,82,66,1
B2814,22,22,51,42,0
B2815,27,41,46,35,1
B2816,28,43,90,55,0
B2817,17,62,68,57,0
B2818,27,52,64,55,0
B2819,26,84,70,86,1
B2820,36,63,74,72,0
B2821,29,61,81,82,0
B2822,11,60,67,41,0
B2823,20,66,43,38,0
B2824,22,67,81,82,0
B2825,37,86,67,85,1
B2826,10,63,43,51,0
B2827,22,29,86,50,0
B2828,32,76,51,70,0
B2829,29,73,57,57,1
B2830,14,35,82,52,0
B2831,20,69,60,31,0
B2832,33,82,82,79,0
B2833,14,29,58,70,0
B2834,25,53,55,56,0
B2835,40,88,76,66,0
B2836,31,88,89,62,0
B2837,18,66,61,43,0
B2838,27,25,83,41,1
B2839,30,70,48,46,0
B2840,22,45,65,66,1
B2841,38,65,44,90,1
B2842,38,94,59,78,0
B2843,28,56,74,85,0
B2844,23,67,62,68,0
B2845,31,54,59,75,1
B2846,31,53,71,65,0
B2847,37,50,68,75,1
B2848,12,21,48,50,0
B2849,23,83,89,61,0
B2850,16,29,54,32,1
B2851,32,60,89,89,1
B2852,27,80,50,66,0
B2853,18,59,72,51,0
B2854,23,62,83,63,0
B2855,35,65,74,80,1
B2856,10,30,58,31,0
B2857,31,50,72,58,1
B2858,29,69,85,36,1
B2859,35,54,71,88,1
B2860,39,88,83,54,1
B2861,22,76,77,50,1
B2862,26,55,53,56,0
B2863,22,27,84,53,0
B2864,23,21,66,52,0
B2865,30,52,67,76,1
B2866,14,22,59,65,1
B2867,30,32,83,70,0
B2868,16,55,84,36,0
B2869,27,40,81,34,0
B2870,12,70,88,41,0
B2871,22,60,82,53,0
B2872,15,52,59,52,0
B2873,14,44,87,35,0
B2874,11,22,49,59,0
B2875,20,23,85,63,1
B2876,22,52,40,86,1
B2877,23,34,80,46,0
B2878,28,65,69,69,1
B2879,23,94,89,75,0
B2880,24,92,40,88,1
B2881,19,49,89,49,0
B2882,18,37,49,34,0
B2883,13,64,89,42,0
B2884,11,49,64,49,0
B2885,27,59,57,39,0
B2886,10,62,84,50,0
B2887,21,73,77,57,1
B2888,23,65,55,56,0
B2889,16,36,61,70,0
B2890,25,93,83,88,1
B2891,29,81,74,68,1
B2892,24,84,86,85,1
B2893,17,53,68,35,1
B2894,19,43,58,51,0
B2895,34,54,80,88,1
B2896,31,95,44,73,1
B2897,30,71,78,88,1
B2898,22,20,86,65,0
B2899,33,92,76,69,1
B2900,17,68,79,60,0
B2901,18,68,40,57,1
B2902,38,59,77,75,1
B2903,14,55,79,65,0
B2904,26,55,85,46,1
B2905,26,62,49,59,1
B2906,35,92,84,57,1
B2907,37,95,73,88,1
B2908,20,64,46,51,1
B2909,21,53,81,35,0
B2910,20,60,54,87,1
B2911,32,65,42,85,0
B2912,12,52,76,52,0
B2913,28,34,76,31,0
B2914,21,46,69,39,0
B2915,23,59,81,33,0
B2916,39,57,64,55,1
B2917,27,43,50,65,1
B2918,20,55,89,32,0
B2919,13,50,47,39,1
B2920,27,57,43,67,1
B2921,21,29,87,51,0
B2922,28,47,75,65,0
B2923,25,71,53,52,1
B2924,26,56,44,85,1
B2925,12,55,87,62,0
B2926,24,66,75,53,1
B2927,26,88,55,58,1
B2928,23,63,71,75,1
B2929,14,68,72,42,0
B2930,32,52,74,67,0
B2931,31,70,60,52,0
B2932,31,61,87,83,1
B2933,18,39,76,37,1
B2934,27,39,56,49,1
B2935,18,35,42,45,0
B2936,17,43,58,61,1
B2937,10,70,58,35,1
B2938,24,79,76,71,1
B2939,11,30,42,51,0
B2940,12,40,68,54,0
B2941,27,26,80,31,0
B2942,12,38,77,30,1
B2943,24,68,56,46,0
B2944,27,66,55,35,0
B2945,18,26,41,67,0
B2946,12,30,58,49,0
B2947,12,32,75,34,0
B2948,20,48,66,62,1
B2949,17,46,50,41,0
B2950,40,100,85,77,1
B2951,23,24,86,64,1
B2952,30,54,43,70,1
B2953,26,98,82,90,0
B2954,18,66,78,34,0
B2955,15,21,71,62,1
B2956,18,63,71,62,0
B2957,36,60,77,57,1
B2958,24,56,42,42,0
B2959,18,65,50,35,0
B2960,27,53,89,81,1
B2961,18,41,71,37,0
B2962,33,99,79,83,1
B2963,21,77,87,86,1
B2964,24,61,45,61,1
B2965,20,67,45,87,0
B2966,10,56,40,63,0
B2967,23,23,46,65,0
B2968,22,56,90,64,1
B2969,13,61,90,70,0
B2970,10,31,44,56,1
B2971,33,83,83,56,0
B2972,28,28,49,66,1
B2973,27,76,41,66,1
B2974,21,82,51,59,1
B2975,28,80,81,81,0
B2976,30,51,62,61,0
B2977,21,84,88,78,0
B2978,27,85,56,74,1
B2979,16,64,42,46,0
B2980,22,58,48,60,0
B2981,26,46,84,32,0
B2982,40,68,90,73,0
B2983,24,69,73,45,0
B2984,25,22,63,51,1
B2985,38,80,65,87,1
B2986,24,93,46,90,1
B2987,12,69,56,49,1
B2988,17,26,58,68,0
B2989,24,76,62,78,1
B2990,11,60,80,65,0
B2991,13,67,71,42,0
B2992,25,68,43,36,0
B2993,39,68,81,88,1
B2994,12,59,68,38,0
B2995,37,52,56,78,1
B2996,35,88,78,67,1
B2997,39,83,51,51,0
B2998,17,46,47,45,0
B2999,24,69,62,45,0
B3000,33,53,57,82,1
B3001,23,97,59,89,1
B3002,33,53,47,69,1
B3003,32,55,85,84,1
B3004,28,20,78,66,0
B3005,10,28,78,31,0
B3006,25,43,70,44,0
B3007,18,41,69,33,1
B3008,29,20,47,68,1
B3009,22,31,70,41,1
B3010,40,97,57,57,0
B3011,25,63,54,83,1
B3012,12,40,87,55,0
B3013,25,30,41,57,0
B3014,38,96,54,79,0
B3015,23,59,55,43,0
B3016,33,94,49,87,0
B3017,31,51,82,60,1
B3018,22,62,51,52,1
B3019,15,62,86,59,0
B3020,37,78,75,83,0
B3021,26,21,71,51,0
B3022,40,62,58,90,1
B3023,18,35,54,41,0
B3024,29,86,48,60,0
B3025,18,64,60,43,0
B3026,27,72,69,74,1
B3027,36,64,62,61,1
B3028,23,95,58,63,1
B3029,23,76,45,63,1
B3030,35,68,66,77,1
B3031,12,51,67,42,0
B3032,27,26,68,62,0
B3033,32,75,89,50,0
B3034,28,88,80,61,0
B3035,27,81,80,79,1
B3036,19,44,77,57,0
B3037,23,62,46,61,0
B3038,24,84,87,56,1
B3039,11,66,72,40,0
B3040,39,88,78,54,0
B3041,34,59,84,86,1
B3042,27,73,71,86,1
B3043,23,24,51,68,0
B3044,24,92,88,52,0
B3045,34,84,83,52,1
B3046,28,61,83,64,0
B3047,25,61,53,44,0
B3048,36,94,41,82,1
B3049,26,80,48,80,1
B3050,22,34,78,33,0
B3051,13,22,68,50,1
B3052,13,29,47,42,0
B3053,27,62,40,65,0
B3054,34,74,49,65,1
B3055,30,68,48,61,0
B3056,26,84,79,70,0
B3057,27,79,76,65,0
B3058,23,54,50,59,0
B3059,35,91,43,58,1
B3060,33,73,82,77,0
B3061,38,92,63,70,0
B3062,22,95,57,71,1
B3063,36,68,81,53,0
B3064,21,98,57,50,1
B3065,30,99,67,57,1
B3066,31,62,81,64,1
B3067,17,37,82,31,1
B3068,23,62,62,52,1
B3069,19,61,77,57,1
B3070,20,42,64,35,1
B3071,21,90,90,58,1
B3072,21,98,79,81,1
B3073,27,66,44,71,0
B3074,35,80,63,52,1
B3075,31,77,65,50,1
B3076,24,47,45,48,0
B3077,23,46,47,63,0
B3078,21,70,59,50,0
B3079,29,54,58,31,0
B3080,40,94,67,72,1
B3081,31,59,63,73,1
B3082,26,42,76,36,0
B3083,17,38,86,33,0
B3084,23,68,82,79,1
B3085,31,56,88,54,0
B3086,40,54,45,52,0
B3087,24,79,87,79,1
B3088,28,68,90,33,0
B3089,28,25,46,58,0
B3090,16,36,53,52,0
B3091,33,100,56,72,0
B3092,20,29,77,53,0
B3093,30,25,42,30,0
B3094,26,90,53,53,0
B3095,30,80,46,80,0
B3096,31,69,85,64,1
B3097,29,63,63,53,0
B3098,26,32,59,47,0
B3099,13,63,81,69,0
B3100,25,54,78,60,1
B3101,20,84,45,78,1
B3102,28,82,68,56,1
B3103,29,67,46,63,0
B3104,40,78,44,59,0
B3105,20,76,71,83,0
B3106,24,60,90,65,0
B3107,27,67,69,49,0
B3108,27,26,62,40,0
B3109,28,83,73,52,0
B3110,21,77,58,88,1
B3111,22,32,69,40,1
B3112,26,42,47,33,0
B3113,22,62,72,37,0
B3114,24,41,43,42,0
B3115,16,57,70,69,1
B3116,32,99,52,66,1
B3117,23,55,63,56,1
B3118,37,54,47,82,0
B3119,16,44,82,56,0
B3120,31,51,73,79,1
B3121,29,55,65,57,0
B3122,21,56,73,46,0
B3123,15,34,44,48,0
B3124,10,47,77,43,0
B3125,28,33,50,34,1
B3126,36,78,65,88,0
B3127,32,59,65,55,1
B3128,22,65,45,30,0
B3129,25,97,50,70,0
B3130,27,35,47,33,1
B3131,22,59,61,58,1
B3132,36,69,69,76,1
B3133,28,22,78,55,1
B3134,10,62,60,44,0
B3135,39,78,56,50,1
B3136,22,67,62,57,1
B3137,24,90,80,69,1
B3138,29,56,53,64,0
B3139,40,94,53,68,1
B3140,12,63,61,31,0
B3141,26,67,42,85,0
B3142,20,100,86,80,1
B3143,20,89,65,56,1
B3144,33,71,89,61,1
B3145,19,57,70,30,0
B3146,29,63,65,61,0
B3147,10,45,44,48,1
B3148,23,65,74,61,0
B3149,20,57,85,69,0
B3150,11,36,74,51,0
B3151,14,43,84,44,0
B3152,28,83,42,71,1
B3153,20,55,73,89,1
B3154,33,59,66,63,1
B3155,27,74,83,71,1
B3156,24,29,67,33,0
B3157,40,74,46,50,0
B3158,27,48,70,37,0
B3159,18,44,56,34,0
B3160,11,53,90,54,0
B3161,11,50,65,35,1
B3162,25,42,59,58,0
B3163,38,95,74,70,0
B3164,11,38,87,60,0
B3165,29,48,47,70,1
B3166,18,22,40,39,1
B3167,39,85,81,65,0
B3168,19,48,40,49,0
B3169,30,68,86,73,1
B3170,12,46,86,46,1
B3171,30,64,51,40,1
B3172,39,62,64,88,1
B3173,24,96,80,88,1
B3174,28,65,82,56,0
B3175,13,35,82,54,0
B3176,22,69,50,34,0
B3177,19,58,50,50,0
B3178,17,32,50,69,1
B3179,20,67,80,62,1
B3180,37,75,50,89,1
B3181,12,33,77,48,0
B3182,33,53,64,89,1
B3183,12,69,51,54,0
B3184,16,51,59,49,0
B3185,33,91,45,50,0
B3186,23,63,50,72,1
B3187,35,77,75,70,1
B3188,13,69,41,37,1
B3189,20,71,87,77,1
B3190,30,42,49,70,0
B3191,13,42,44,60,1
B3192,24,98,59,55,1
B3193,17,52,83,58,0
B3194,22,34,85,68,0
B3195,33,60,67,64,1
B3196,30,91,57,70,1
B3197,30,47,48,59,1
B3198,22,60,72,75,0
B3199,28,80,52,60,1
B3200,24,71,40,60,1
B3201,27,49,81,37,0
B3202,11,32,78,59,0
B3203,10,21,79,54,0
B3204,25,53,87,44,0
B3205,38,68,44,57,0
B3206,35,79,82,76,1
B3207,34,87,41,70,1
B3208,10,53,41,43,0
B3209,31,62,88,58,1
B3210,27,55,73,58,0
B3211,10,44,88,60,0
B3212,28,64,71,44,0
B3213,29,41,69,40,0
B3214,31,81,51,67,0
B3215,40,73,51,67,1
B3216,21,97,43,64,1
B3217,14,29,65,48,0
B3218,17,65,41,43,0
B3219,30,90,71,63,1
B3220,15,35,41,36,0
B3221,29,91,56,88,0
B3222,35,71,46,71,1
B3223,15,35,40,38,0
B3224,13,32,68,49,0
B3225,21,45,44,40,1
B3226,16,31,88,42,0
B3227,16,61,53,46,0
B3228,27,63,60,31,0
B3229,25,50,40,82,0
B3230,35,77,50,65,1
B3231,11,47,79,70,0
B3232,12,46,40,42,1
B3233,25,83,89,74,1
B3234,12,51,59,46,1
B3235,26,23,87,45,0
B3236,30,57,57,41,0
B3237,23,80,79,62,1
B3238,22,42,68,63,1
B3239,23,43,73,46,0
B3240,26,89,46,65,1
B3241,22,45,88,39,0
B3242,37,93,75,52,1
B3243,20,67,52,51,0
B3244,29,50,67,52,1
B3245,15,66,70,50,1
B3246,14,45,57,70,0
B3247,17,38,57,31,0
B3248,24,27,90,35,0
B3249,39,74,58,87,0
B3250,40,68,82,58,1
B3251,15,65,43,58,0
B3252,30,64,90,56,1
B3253,10,68,55,35,1
B3254,38,80,57,61,1
B3255,20,95,85,80,1
B3256,16,30,71,40,0
B3257,34,65,71,69,0
B3258,21,25,45,54,0
B3259,34,86,54,73,1
B3260,25,62,72,57,1
B3261,25,81,44,64,1
B3262,28,95,74,74,1
B3263,27,51,66,36,0
B3264,38,73,86,59,1
B3265,24,27,62,62,0
B3266,40,75,50,82,1
B3267,28,20,78,44,0
B3268,17,58,55,43,0
B3269,30,61,63,45,0
B3270,23,47,87,55,0
B3271,19,62,64,44,0
B3272,34,87,59,71,1
B3273,21,21,51,42,1
B3274,20,42,90,65,1
B3275,29,61,47,55,0
B3276,11,28,54,54,1
B3277,20,85,60,64,1
B3278,13,44,55,51,0
B3279,23,90,49,63,0
B3280,35,78,83,83,0
B3281,28,79,78,58,1
B3282,19,25,55,42,0
B3283,20,26,75,70,0
B3284,22,28,63,70,1
B3285,24,56,70,50,1
B3286,12,21,88,56,0
B3287,27,51,55,43,0
B3288,12,20,53,52,0
B3289,37,81,58,68,0
B3290,29,69,70,72,1
B3291,33,91,64,50,0
B3292,37,96,68,87,1
B3293,24,88,86,52,1
B3294,25,22,47,41,1
B3295,12,57,62,33,0
B3296,15,60,85,55,0
B3297,21,35,53,67,0
B3298,13,65,63,51,1
B3299,29,68,90,56,0
B3300,12,55,85,32,0
B3301,13,36,59,30,0
B3302,20,82,43,70,1
B3303,17,28,72,56,0
B3304,23,24,67,64,1
B3305,27,69,61,78,0
B3306,24,38,41,43,0
B3307,36,59,74,62,1
B3308,30,80,54,56,1
B3309,23,40,57,51,0
B3310,26,82,74,64,1
B3311,35,50,72,61,1
B3312,12,36,52,45,0
B3313,11,23,53,59,0
B3314,20,84,44,58,0
B3315,24,20,48,69,0
B3316,28,43,45,39,0
B3317,12,68,83,30,1
B3318,13,63,41,65,0
B3319,30,58,90,66,0
B3320,21,68,62,44,0
B3321,12,52,69,64,0
B3322,11,46,52,43,0
B3323,24,74,57,70,0
B3324,26,86,53,74,1
B3325,31,64,68,56,1
B3326,21,22,74,38,0
B3327,11,69,71,64,1
B3328,18,48,85,39,0
B3329,34,89,83,89,1
B3330,14,31,41,32,1
B3331,25,87,50,68,0
B3332,21,22,50,54,0
B3333,30,55,72,78,1
B3334,31,96,46,69,0
B3335,22,99,82,84,1
B3336,10,35,43,62,1
B3337,14,45,89,50,0
B3338,28,31,86,48,0
B3339,12,35,51,60,0
B3340,21,46,52,69,0
B3341,13,29,47,57,0
B3342,40,69,43,51,1
B3343,29,25,61,60,0
B3344,25,73,57,52,0
B3345,38,84,43,67,1
B3346,10,34,56,47,0
B3347,29,61,48,69,1
B3348,34,67,68,55,1
B3349,27,62,42,69,1
B3350,21,83,74,67,0
B3351,28,66,70,69,0
B3352,26,45,90,37,0
B3353,38,68,75,52,1
B3354,34,57,72,59,0
B3355,34,65,71,72,0
B3356,17,48,57,31,0
B3357,13,34,64,32,0
B3358,35,90,78,60,0
B3359,29,93,79,53,1
B3360,20,52,56,54,0
B3361,21,50,67,55,0
B3362,40,63,51,77,1
B3363,20,52,70,36,0
B3364,26,23,65,34,0
B3365,12,67,57,58,0
B3366,10,30,61,31,0
B3367,21,97,77,65,1
B3368,33,68,78,78,0
B3369,29,20,81,46,0
B3370,26,83,57,61,0
B3371,24,20,57,44,0
B3372,31,98,85,60,0
B3373,24,79,44,58,0
B3374,22,97,68,58,1
B3375,26,56,72,52,0
B3376,20,62,62,55,0
B3377,37,71,61,68,1
B3378,26,57,56,62,1
B3379,16,60,71,47,1
B3380,17,20,42,44,0
B3381,23,69,84,75,0
B3382,27,44,63,37,0
B3383,29,26,86,63,0
B3384,18,51,70,46,0
B3385,17,61,79,69,1
B3386,15,70,83,32,0
B3387,30,83,47,85,1
B3388,26,99,61,71,1
B3389,23,70,85,36,0
B3390,22,83,72,74,1
B3391,39,74,78,60,1
B3392,21,57,90,52,1
B3393,12,67,61,64,0
B3394,26,55,89,62,1
B3395,38,60,85,81,1
B3396,24,20,48,40,0
B3397,14,43,72,59,0
B3398,23,32,52,64,0
B3399,27,69,40,53,1
B3400,11,54,88,70,0
B3401,27,90,85,52,1
B3402,16,68,66,64,1
B3403,40,96,57,52,0
B3404,31,61,52,90,1
B3405,36,51,83,77,1
B3406,15,49,67,66,0
B3407,27,27,67,59,1
B3408,11,38,45,61,0
B3409,40,80,64,51,1
B3410,40,99,87,62,0
B3411,23,92,50,69,1
B3412,24,74,48,71,1
B3413,20,95,64,74,1
B3414,34,70,81,63,0
B3415,34,96,52,77,1
B3416,30,49,62,61,0
B3417,20,33,66,66,0
B3418,15,30,83,43,1
B3419,27,44,59,63,0
B3420,27,28,85,39,1
B3421,11,41,79,48,1
B3422,18,46,64,42,0
B3423,28,61,67,73,0
B3424,26,81,65,85,1
B3425,21,78,72,71,0
B3426,20,47,87,65,0
B3427,19,69,43,46,1
B3428,18,43,56,40,0
B3429,30,75,77,73,0
B3430,26,38,78,57,0
B3431,22,68,76,71,1
B3432,13,69,47,67,0
B3433,25,56,52,35,0
B3434,21,39,58,55,0
B3435,30,57,64,41,0
B3436,14,45,67,45,0
B3437,11,41,68,45,0
B3438,37,91,79,66,1
B3439,17,35,71,35,0
B3440,24,86,81,87,1
B3441,22,59,48,66,0
B3442,36,96,55,89,0
B3443,29,51,58,43,0
B3444,40,72,50,86,1
B3445,26,99,66,81,1
B3446,20,47,40,41,0
B3447,29,92,78,68,0
B3448,28,61,66,60,0
B3449,27,64,41,63,1
B3450,32,51,81,54,1
B3451,15,58,63,41,0
B3452,19,36,76,47,0
B3453,34,54,72,75,1
B3454,20,64,66,30,1
B3455,14,50,65,54,0
B3456,27,60,56,62,1
B3457,20,31,43,54,1
B3458,30,72,79,73,1
B3459,15,74,65,78,0
B3460,31,54,90,50,1
B3461,19,70,74,30,0
B3462,39,96,86,63,1
B3463,21,67,52,86,1
B3464,17,70,70,48,1
B3465,31,89,69,84,1
B3466,23,41,75,57,0
B3467,26,93,42,76,1
B3468,31,83,44,63,1
B3469,20,61,44,70,1
B3470,29,67,89,46,0
B3471,22,81,46,55,0
B3472,35,81,48,67,1
B3473,39,68,43,85,1
B3474,15,28,80,56,0
B3475,12,40,55,69,0
B3476,32,52,89,75,1
B3477,28,42,85,56,0
B3478,25,52,57,35,0
B3479,26,40,61,45,0
B3480,26,85,67,51,1
B3481,13,41,47,68,1
B3482,22,20,67,68,0
B3483,15,68,88,67,1
B3484,24,55,76,71,1
B3485,28,33,47,60,0
B3486,14,66,70,30,0
B3487,30,77,69,72,1
B3488,15,49,49,54,0
B3489,20,79,67,77,1
B3490,23,56,79,58,0
B3491,26,61,71,68,1
B3492,29,99,48,63,1
B3493,30,71,85,85,0
B3494,29,44,79,33,0
B3495,29,77,90,83,0
B3496,25,75,64,76,1
B3497,22,37,47,61,0
B3498,20,68,86,32,0
B3499,39,81,63,70,0
B3500,32,84,41,86,1
B3501,27,70,62,35,0
B3502,29,40,74,37,0
B3503,12,29,50,66,0
B3504,11,36,46,35,0
B3505,20,62,87,87,1
B3506,21,40,51,41,0
B3507,22,29,86,65,0
B3508,32,70,73,77,1
B3509,31,60,55,84,0
B3510,29,95,85,62,0
B3511,33,90,72,89,1
B3512,14,58,55,48,0
B3513,37,80,66,51,0
B3514,33,51,41,90,1
B3515,30,58,71,88,1
B3516,13,29,71,64,1
B3517,26,98,76,88,1
B3518,31,90,80,83,0
B3519,27,95,58,71,1
B3520,12,45,89,36,1
B3521,25,90,55,85,1
B3522,26,67,89,59,0
B3523,22,85,51,76,0
B3524,14,33,40,47,0
B3525,36,80,52,58,1
B3526,21,67,84,62,0
B3527,19,32,54,51,0
B3528,31,61,45,62,1
B3529,34,98,57,89,1
B3530,13,60,69,59,0
B3531,16,63,69,61,0
B3532,27,34,84,48,0
B3533,24,82,86,68,0
B3534,36,90,68,66,1
B3535,10,59,90,64,0
B3536,27,89,51,62,1
B3537,24,58,71,57,0
B3538,24,33,58,30,1
B3539,21,64,59,47,0
B3540,26,75,86,86,0
B3541,21,57,47,55,1
B3542,30,93,58,71,0
B3543,21,33,61,63,0
B3544,28,91,45,72,0
B3545,30,51,63,82,0
B3546,19,62,55,41,0
B3547,14,25,44,58,1
B3548,20,92,40,88,1
B3549,12,22,90,50,0
B3550,19,46,47,44,1
B3551,28,55,79,59,0
B3552,23,67,60,54,0
B3553,27,43,81,45,0
B3554,12,60,62,58,0
B3555,28,54,63,79,1
B3556,30,55,41,55,1
B3557,25,68,74,65,1
B3558,30,28,54,35,1
B3559,30,96,53,59,1
B3560,26,54,80,47,0
B3561,20,65,87,48,0
B3562,26,82,75,72,1
B3563,10,29,55,35,0
B3564,27,39,76,70,0
B3565,28,37,46,43,0
B3566,40,74,75,74,1
B3567,24,89,79,56,1
B3568,17,25,86,31,1
B3569,33,72,82,86,1
B3570,19,66,44,67,0
B3571,10,49,57,51,0
B3572,29,53,89,60,1
B3573,40,74,68,71,1
B3574,21,39,43,35,0
B3575,21,70,73,30,1
B3576,20,54,63,32,0
B3577,23,35,59,43,1
B3578,23,53,70,36,0
B3579,21,78,76,73,0
B3580,26,94,86,71,1
B3581,22,89,42,90,1
B3582,24,75,75,52,0
B3583,40,70,49,54,1
B3584,40,55,66,60,1
B3585,10,38,65,33,0
B3586,19,21,76,47,0
B3587,27,40,53,46,0
B3588,23,81,87,68,1
B3589,39,62,81,70,1
B3590,30,51,81,65,1
B3591,28,28,65,41,0
B3592,28,56,63,64,1
B3593,10,48,43,69,0
B3594,21,43,56,65,1
B3595,27,65,78,70,1
B3596,18,45,61,53,1
B3597,15,38,74,53,0
B3598,39,81,75,86,1
B3599,23,44,85,32,1
B3600,30,65,47,73,1
B3601,30,62,49,64,0
B3602,22,52,57,90,1
B3603,21,86,74,71,1
B3604,21,92,59,84,1
B3605,40,58,80,77,0
B3606,10,50,66,53,0
B3607,20,65,87,60,1
B3608,25,92,80,86,0
B3609,16,51,57,32,0
B3610,29,50,70,69,0
B3611,28,27,75,33,0
B3612,26,44,80,32,0
B3613,19,21,57,70,1
B3614,18,36,42,32,0
B3615,30,55,58,30,0
B3616,22,49,74,50,0
B3617,30,88,74,57,0
B3618,20,47,44,59,0
B3619,14,37,86,67,0
B3620,27,43,74,69,0
B3621,20,53,48,46,0
B3622,21,50,49,30,0
B3623,23,60,69,59,1
B3624,37,97,47,61,1
B3625,17,55,87,46,0
B3626,36,96,89,83,0
B3627,26,71,43,68,0
B3628,32,83,79,89,1
B3629,23,86,82,76,1
B3630,27,50,72,65,1
B3631,25,54,78,71,1
B3632,34,51,71,69,0
B3633,17,51,85,64,1
B3634,22,53,74,47,1
B3635,21,55,44,56,1
B3636,34,90,49,76,1
B3637,38,53,52,68,0
B3638,27,31,77,67,0
B3639,38,66,42,55,1
B3640,40,99,41,52,1
B3641,22,26,75,33,1
B3642,26,90,89,65,1
B3643,23,61,50,70,1
B3644,38,65,83,65,1
B3645,17,68,75,61,0
B3646,30,49,50,51,0
B3647,26,97,66,84,1
B3648,20,53,61,39,1
B3649,31,90,49,58,1
B3650,11,55,43,47,0
B3651,27,39,46,68,0
B3652,25,58,68,51,1
B3653,13,34,87,31,0
B3654,36,72,62,72,1
B3655,39,60,42,70,0
B3656,24,44,60,64,0
B3657,25,61,75,51,0
B3658,22,66,51,41,0
B3659,13,67,70,68,0
B3660,35,59,50,71,1
B3661,14,30,58,39,0
B3662,28,48,45,47,1
B3663,12,27,53,67,0
B3664,32,73,45,63,1
B3665,30,38,73,31,0
B3666,21,30,65,63,1
B3667,33,85,69,68,0
B3668,34,89,79,60,1
B3669,15,51,69,36,0
B3670,18,60,56,40,0
B3671,19,43,64,69,0
B3672,20,79,69,68,1
B3673,38,94,60,64,1
B3674,40,68,66,90,0
B3675,35,100,72,86,1
B3676,30,68,72,31,1
B3677,10,23,79,45,0
B3678,33,54,79,73,0
B3679,10,20,82,55,1
B3680,21,53,65,76,0
B3681,23,85,89,53,1
B3682,39,71,41,89,1
B3683,39,96,41,70,1
B3684,34,67,79,61,1
B3685,18,55,41,59,0
B3686,33,87,63,80,1
B3687,24,35,72,33,0
B3688,26,72,66,60,1
B3689,23,59,45,72,1
B3690,23,66,82,63,0
B3691,37,85,78,51,1
B3692,26,84,85,52,1
B3693,27,68,86,49,1
B3694,20,66,64,87,1
B3695,26,47,46,47,0
B3696,14,69,77,33,1
B3697,37,97,50,65,0
B3698,13,24,46,64,1
B3699,33,65,89,84,1
B3700,20,53,84,53,1
B3701,16,70,79,40,0
B3702,10,37,56,38,0
B3703,21,87,65,69,1
B3704,25,31,63,66,0
B3705,20,53,61,64,1
B3706,22,65,58,66,0
B3707,28,62,80,43,1
B3708,25,21,67,48,0
B3709,18,70,88,67,0
B3710,38,91,75,73,0
B3711,34,80,45,70,1
B3712,22,57,73,34,0
B3713,11,41,71,34,0
B3714,27,43,40,45,0
B3715,27,88,52,57,1
B3716,24,29,79,55,0
B3717,29,54,77,70,0
B3718,16,51,47,62,0
B3719,12,23,65,55,0
B3720,22,41,52,70,0
B3721,37,65,42,53,0
B3722,31,100,41,66,1
B3723,31,71,79,61,1
B3724,13,42,58,60,0
B3725,25,63,61,56,0
B3726,18,44,67,35,1
B3727,15,28,72,68,0
B3728,37,51,45,79,1
B3729,20,83,62,74,0
B3730,23,37,56,70,0
B3731,22,74,48,79,1
B3732,21,64,87,42,0
B3733,10,68,57,34,0
B3734,21,52,48,59,0
B3735,37,88,45,53,0
B3736,36,97,63,75,1
B3737,35,89,66,65,1
B3738,36,89,63,61,1
B3739,38,64,43,67,1
B3740,20,87,52,77,1
B3741,40,70,50,89,0
B3742,24,21,60,35,1
B3743,36,55,75,66,1
B3744,23,76,71,84,1
B3745,31,56,69,53,1
B3746,36,50,41,82,0
B3747,30,51,52,40,0
B3748,16,65,47,36,0
B3749,13,27,74,52,0
B3750,20,58,69,84,1
B3751,10,58,74,55,0
B3752,28,39,84,45,1
B3753,16,24,88,59,0
B3754,24,58,78,63,0
B3755,39,52,87,68,1
B3756,18,46,64,34,0
B3757,29,23,54,37,1
B3758,36,74,50,55,1
B3759,14,37,83,68,1
B3760,28,25,86,60,0
B3761,25,23,43,31,0
B3762,28,97,44,67,1
B3763,13,34,78,63,0
B3764,10,21,74,35,0
B3765,36,90,63,89,1
B3766,39,95,83,80,1
B3767,24,54,65,85,0
B3768,28,43,55,31,1
B3769,24,67,62,61,0
B3770,23,68,60,90,1
B3771,24,46,75,49,0
B3772,37,54,67,54,1
B3773,39,54,81,60,0
B3774,25,38,81,54,0
B3775,36,94,80,74,1
B3776,15,39,63,38,0
B3777,20,64,89,57,0
B3778,30,56,88,74,0
B3779,21,34,66,65,0
B3780,26,26,72,64,1
B3781,37,60,74,77,1
B3782,26,66,72,35,0
B3783,12,28,64,59,0
B3784,30,55,70,86,1
B3785,30,22,87,70,0
B3786,22,62,69,30,1
B3787,30,22,66,50,0
B3788,14,29,74,51,0
B3789,36,80,40,82,0
B3790,28,68,80,53,1
B3791,38,83,43,68,1
B3792,40,85,69,78,1
B3793,25,39,46,35,0
B3794,25,60,46,58,0
B3795,21,55,80,56,0
B3796,39,90,64,58,1
B3797,25,84,74,78,1
B3798,38,57,90,57,1
B3799,27,23,75,61,0
B3800,39,53,40,88,1
B3801,26,37,84,59,0
B3802,28,20,73,52,0
B3803,29,87,50,64,1
B3804,40,66,47,52,0
B3805,34,84,58,53,1
B3806,30,37,72,47,0
B3807,38,54,72,54,1
B3808,23,52,67,63,1
B3809,37,53,67,68,1
B3810,29,35,88,49,0
B3811,32,93,78,87,0
B3812,10,24,42,33,1
B3813,30,54,76,57,0
B3814,21,56,56,54,1
B3815,28,22,85,60,0
B3816,10,27,67,67,0
B3817,21,55,76,39,0
B3818,27,49,50,30,0
B3819,36,79,83,90,1
B3820,21,90,49,86,1
B3821,36,68,42,51,0
B3822,24,75,43,68,1
B3823,19,66,42,35,1
B3824,16,63,48,40,0
B3825,29,88,77,76,1
B3826,31,97,79,61,1
B3827,19,49,81,64,0
B3828,31,83,71,86,1
B3829,37,54,50,75,1
B3830,32,78,52,59,1
B3831,24,42,40,47,1
B3832,20,94,43,60,1
B3833,26,51,77,51,1
B3834,25,43,66,68,0
B3835,29,91,63,53,0
B3836,22,68,52,66,1
B3837,19,26,40,41,1
B3838,11,70,51,46,1
B3839,12,20,65,59,0
B3840,29,20,84,67,0
B3841,12,41,71,57,1
B3842,27,38,44,47,0
B3843,25,65,59,73,1
B3844,20,38,68,30,0
B3845,26,52,67,63,1
B3846,19,69,67,42,0
B3847,35,95,69,68,1
B3848,29,56,78,40,0
B3849,16,50,90,39,1
B3850,10,33,86,38,0
B3851,24,72,54,81,1
B3852,35,55,70,82,1
B3853,15,20,62,62,0
B3854,38,52,68,65,1
B3855,38,67,70,53,0
B3856,28,37,85,36,1
B3857,14,56,53,57,0
B3858,26,70,59,57,1
B3859,35,58,52,67,0
B3860,22,51,41,39,0
B3861,12,35,79,62,0
B3862,40,81,73,69,1
B3863,15,49,52,42,1
B3864,20,42,75,70,1
B3865,34,98,69,60,0
B3866,13,64,63,53,1
B3867,16,29,57,47,0
B3868,29,89,77,64,0
B3869,27,74,90,55,1
B3870,27,59,71,57,1
B3871,36,65,58,50,1
B3872,28,63,42,61,0
B3873,18,44,88,67,0
B3874,27,54,52,71,1
B3875,23,31,78,67,0
B3876,33,67,89,72,1
B3877,36,96,73,57,0
B3878,23,65,57,69,0
B3879,35,60,79,55,1
B3880,10,36,41,69,0
B3881,34,77,69,69,1
B3882,19,50,83,60,0
B3883,38,56,77,69,1
B3884,24,51,71,53,0
B3885,24,25,48,44,0
B3886,32,53,73,82,1
B3887,37,66,71,68,0
B3888,30,52,47,65,0
B3889,27,66,41,64,1
B3890,37,67,75,50,1
B3891,20,61,58,72,1
B3892,21,82,60,50,1
B3893,20,32,72,42,1
B3894,17,62,76,74,0
B3895,16,49,70,64,0
B3896,16,43,78,63,0
B3897,39,58,85,74,1
B3898,35,96,62,61,1
B3899,32,64,56,88,0
B3900,24,23,72,49,1
B3901,24,60,41,52,1
B3902,27,61,70,64,0
B3903,16,62,46,70,0
B3904,30,44,61,36,1
B3905,28,60,62,51,1
B3906,15,29,44,64,0
B3907,39,95,68,89,0
B3908,16,34,55,61,0
B3909,29,51,48,90,1
B3910,27,40,66,37,1
B3911,18,24,64,69,1
B3912,22,58,42,35,0
B3913,16,32,86,44,0
B3914,22,43,69,58,0
B3915,21,32,58,57,0
B3916,35,82,73,67,0
B3917,12,69,84,62,0
B3918,17,57,80,66,0
B3919,30,64,88,87,1
B3920,16,51,53,47,0
B3921,34,52,69,50,1
B3922,29,56,78,32,0
B3923,24,30,48,61,0
B3924,18,25,55,36,1
B3925,18,26,83,45,0
B3926,26,24,58,53,0
B3927,22,60,41,61,1
B3928,25,83,40,70,1
B3929,19,44,73,70,0
B3930,25,42,51,37,0
B3931,26,80,67,80,1
B3932,14,42,83,67,0
B3933,22,63,78,67,0
B3934,21,100,84,61,1
B3935,34,87,66,59,0
B3936,40,91,58,57,1
B3937,31,53,72,60,0
B3938,22,52,70,63,1
B3939,30,41,40,56,0
B3940,19,69,82,55,0
B3941,34,76,86,52,0
B3942,11,22,83,61,1
B3943,19,56,72,31,1
B3944,28,82,63,80,1
B3945,30,76,44,58,1
B3946,24,63,85,76,0
B3947,22,56,86,59,0
B3948,27,60,62,51,1
B3949,25,47,89,53,0
B3950,37,64,88,75,0
B3951,19,64,44,65,0
B3952,17,54,53,46,0
B3953,33,68,50,56,0
B3954,16,26,61,64,1
B3955,30,84,69,77,1
B3956,29,52,70,60,0
B3957,12,47,57,64,0
B3958,27,81,41,56,0
B3959,22,82,62,53,0
B3960,25,63,66,40,0
B3961,28,97,77,79,1
B3962,25,39,79,47,0
B3963,27,34,42,57,1
B3964,36,79,58,81,0
B3965,25,59,51,43,0
B3966,22,99,49,63,1
B3967,40,57,68,65,1
B3968,11,20,46,32,0
B3969,19,42,87,55,0
B3970,30,47,44,67,0
B3971,23,57,55,78,1
B3972,28,68,50,64,0
B3973,18,69,61,60,0
B3974,39,51,57,60,1
B3975,13,50,62,53,0
B3976,20,55,57,65,0
B3977,28,87,73,89,0
B3978,36,50,68,61,0
B3979,28,51,41,48,0
B3980,29,94,86,84,1
B3981,23,80,59,63,0
B3982,32,82,52,55,1
B3983,22,23,47,40,0
B3984,31,89,81,84,1
B3985,40,88,49,54,1
B3986,20,88,80,82,1
B3987,20,43,71,66,0
B3988,16,29,87,42,0
B3989,26,56,43,68,1
B3990,30,61,63,60,1
B3991,20,31,82,48,0
B3992,28,26,65,31,0
B3993,23,63,72,55,0
B3994,12,64,60,44,0
B3995,23,47,59,38,1
B3996,16,38,80,66,0
B3997,20,69,42,56,0
B3998,26,88,75,69,1
B3999,20,54,82,55,0
B4000,21,76,84,50,0